策略目標,子策略目標,主責 部門 / Leader,風險擁有者,營運單位目標,"種子成員
(風險情境提出人員)",風險類別,項次_Level1,風險事件來源,項次_Level2,風險情境,現有風險對策,監督量測指標：警戒值,監督量測指標：行動值,關係方,可能性－各單位,影響－各單位,風險等級－各單位,可能性－主責單位,影響－主責單位,風險等級－主責單位,"風險回應方式
(降低/移轉/接受/拒絕)",新增風險對策,負責單位,監督量測指標：警戒值,監督量測指標：行動值,優化建議 - 風險回應/控制作業/監督,2024.11.18筆記,風險等級-加權,"優化建議 - 風險評估
(N/A: 討論後無須優化)"
永續發展ESG政策遵循,減碳,人力資源處 李英豪(FRANCE),行政服務部,113年前完成三地組織型溫室氣體盤查的外部查證並取得證書,行政服務部 藍淑芳(Vicky),ESG永續風險,1,未適當規劃、執行與管控時程，影響永續目標之達成，衝擊競爭力。,1.1,於113年若未完成三地溫室氣體盤查，將無法符合客戶期許，影響公司競爭力。,"已制訂溫室氣體盤查及查證時程規劃表提董事會核准,後續將依期排程落實執行,同時委請輔導公司協助輔導並與集團內母公司及子公司相關承辦及主管進行盤查邊界的劃分確認,其盤查邊界將於盤查報告書中呈現說明。",Q2前盤查進度若未完成50％即需警戒要求各外站需加強盤查進度,Q3前盤查進度若未完成80％即需立即要求各外站加強盤查進度,ESG委員會,2,4,8,2,3,6,-,-,-,-,-,,"1、會議討論待調整營運單位目標
2、三地相關的評分會再調整",6.8,●營運單位目標調整：「營運單位目標」可修改為階段性任務目標。(原為三年度長期計畫，此次訂定113年的階段任務)
永續發展ESG政策遵循,減碳,人力資源處 李英豪(FRANCE),行政服務部,113年前完成全集團組織型溫室氣體盤查時程規劃並經ESG委員會核准,行政服務部 藍淑芳(Vicky),ESG永續風險,1,未適當規劃、執行與管控時程，影響永續目標之達成，衝擊競爭力。,1.2,"於113年未完成全集團組織型溫室氣體盤查時程規劃,今年度未能提前規劃預訂明年度排程及編列預算,屆時國內查證及輔導人力緊缺可能會無法如期完成盤查及查證作業。","更新溫室氣體盤查及查證時程規劃表提董事會核准,後續將依期排程落實執行,同時委請輔導公司協助輔導並與集團內母公司及子公司相關承辦及主管進行盤查邊界的劃分確認,其盤查邊界將於盤查報告書中呈現說明。",Q2前若未經ESG委員會核准即需警戒請ESG委員會協助將速審核速度,Q3前若經ESG委員會核准即需預訂明年度排程並編列預算,ESG委員會,3,4,12,2,3,6,-,-,-,-,-,,"1、會議討論待調整營運單位目標
2、三地相關的評分會再調整",8.16,●營運單位目標調整：「營運單位目標」可修改為階段性任務目標。(原為三年度長期計畫，此次訂定113年的階段任務)
永續發展ESG政策遵循,減碳,人力資源處 李英豪(FRANCE),蘇州廠務,優化營運效能 (預估投入人民幣316萬元，並每年節省46.25萬度電力),ESG小組 鄭鈞巖,ESG永續風險,1,未適當規劃、執行與管控時程，影響永續目標之達成，衝擊競爭力。,1.3,經過廠務評估及測試，優化項目實際效果嚴重低於預期，造成節能成效不彰。,"1，對現有的方案做優化確認是否可以通過優化措施降低風險。
2，現有方案如通過優化仍無法達成，則尋求替代方案。
3，如替代方案亦無法達成目標，則取消執行。",當實際節能效果少於預期效果30%,當實際節能效果少於預期效果40%,蘇州廠務主管,2,2,4,2,2,4,-,-,-,-,-,,,4,N/A
永續發展ESG政策遵循,公司治理,人力資源處 李英豪(FRANCE),財會處,提高公司治理評鑑等級(前5%第一級公司),ESG小組 鄭鈞巖,策略風險,2,未能持續有效精進公司治理，導致評鑑結果未能列入前5%第一級公司。,2.1,其它上櫃公司表現超出預期，間接造成威剛無法成功擠進前5%。,把握所有題型分數，超目標達成。,此為外部因素，在公司治理評鑑結果公布前無法得知，因此無法訂定合理的警戒值,此為外部因素，在公司治理評鑑結果公布前無法得知，因此無法訂定合理的行動值,公司治理主管,2,2,4,2,2,4,-,-,-,-,-,,,4,N/A
降低庫存水位,庫存水位降至16週,產品行銷處 陳志瑋(IBSEN),產品行銷處,增加銷售數量與金額。當庫存水位過高時，在一季度內庫存金額水位需降至16週以下。,DRAM產品行銷部  蔡翊琳,營運風險,3,市場需求疲軟，影響銷售與庫存去化。,3.1,各產品線預算與盈利能力考量，影響各產品線庫存配比，進而影響銷售策略。相對因市場各區域狀況不同，demand太差或客戶target price 過低，公司考量毛利情況下，可能導致不成交，而無法達到目標營業額。,每周結算庫存水位+每月結算各產品線毛利，依照市場供需狀況或預期特定產品呆滯可能時，進行動態調整銷售策略與制定必達目標。當市場需求下降或預期特定產品呆滯可能時，PM提供promotion或insentive。業務持續monitor競爭者狀況，並於每雙周會議主動反饋給公司內部，依照PM反饋對競爭對手進行主動出擊策略。,採滾動式調整銷售數量與金額，每周庫存會議monitor未來半年市場趨勢，動態調整庫存水位16週-24週。,採滾動式調整，依市場趨勢，控制水位16週。,產品行銷處主管,3,3,9,3,3,9,-,-,-,-,-,,,9,N/A
營收目標400億+拓展通路與市占率,營收目標400億,採購資材群 吳宗庭(CHARLY),工控事業群,年度營收 $103M,工控事業群-張振紘,營運風險,4,市場經濟變動及競爭激烈，影響營收與獲利。,4.1,"1.工業電腦市場成長率不如預期，從近十年每年成率約10~15%，今年約6~8%，影響營收達成。
3.新產品(ARM based)產品及新客戶佈局的速度不及競爭者","1.持續增加客戶及擴大巿場的占有率。目標交易客戶數達300家。
4.針對ARM的產品，開發Embedded memroy product，包含LPDDR4/LPDDR5/eMMC等產品。","以季為review 的單位,以達成率80%為警戒值","以季為review 的單位,若達成率低於70% ,會採取更積極的做法進行回升",工控事業群主管、產品行銷處、研發事業群主管,2,2,4,3,3,9,-,-,-,-,-,,,6.76,N/A
營收目標400億+拓展通路與市占率,營收目標400億,採購資材群 吳宗庭(CHARLY),OBM(含海外&XPG),以公司目標營收14%為目標，並達成年度各部級業績目標100%,業務事業群 黃靜怡,營運風險,4,市場經濟變動及競爭激烈，影響營收與獲利。,4.2,針對預算編訂時選定重點國家或區域，但在實際執行年度該國家的經濟狀況嚴重衰退或其他不可抗力因素，導致業績無法達成。,"1. 針對艱困區域，提出明確需求，請公司特殊支援
2. 其他體質健康的國家，持續深化對於
A. 競品促銷的實質掌握 
B. 標案機會的掌握度
C. 持續性的品牌耕耘與露出
能提高成長高於預期的業績的機會",每月業績達成率需朝至少80%達成,每月業績達成率低於60%,通路業務事業群主管、產品行銷處,3,3,9,4,2,8,-,-,-,-,-,,主責：影響：2；可能性：4,8.64,●主責單位風險評估值調整：「可能性-主責單位」可調整為4，「影響-主責單位」可調整為2。
營收目標400億+拓展通路與市占率,營收目標400億 ,採購資材群 吳宗庭(CHARLY),OBM(含海外&XPG),"Sales Rev H/R over 100%
Market share increase 5%(current 5~10% -->10%~15%) on DRAM . SSD
T2 expansion and incease 20% compared to 1H'2024",業務事業群-東南亞通路 ,營運風險,4,市場經濟變動及競爭激烈，影響營收與獲利。,4.3,中國政府補貼，導致當地業者以低價傾銷商品，影響市佔率。,"check competitor price weekly , and report to company to get support ; define price competitive SKUs to compete and convince T1/T2 Sell in confidence ; exploring unique skus to sell ",每月業績達成率需朝至少80%達成,每月業績達成率低於60%,業務管理群主管、產品行銷處,4,2,8,3,3,9,-,-,-,-,-,,"單位：
影響：2
發生可能性：4

Charly：

影響：3
可能性：3",8.84,●各單位風險評估值調整：「可能性-各單位」可調整為4，「影響-各單位」可調整為2。
Margin Margin Margin x Profit Profit Profit,達成預算營業利益,採購資材群 吳宗庭(CHARLY),產品行銷處,業務毛利 15%,產品行銷處 陳志瑋Ibsen_Chen,營運風險,4,市場經濟變動及競爭激烈，影響營收與獲利。,4.4,"市場下行(跌價中) , 導致業務無法達成毛利目標。","1. 確認是否為下行市場
2. 如果項目1為真 , 採購會依據市場狀況跟供應商重新議價 , 取得合理成本
3. 反覆執行項目 2  , 直到達成毛利設定目標",毛利低於17%,開始檢討庫存成本 / 未來三個月須要買入的項目 / 未來三個月須要買入項目的目標價格,採購資材群主管、產品行銷處,3,3,9,3,3,9,-,-,-,-,-,,"主責：
影響：3
可能性：3",9,●主責單位風險評估值調整：「可能性-主責單位」可調整為3，「影響-主責單位」可調整為3。
"強化品牌價值(ADATA,XPG)",維持台灣前20大國際品牌,品牌行銷處 劉怡君(JENNIE),品牌行銷處,品牌內化- 年度舉辦4次品牌課程與發送4次內部信，確立品牌的理念、願景與方向可100%傳遞給新進同仁與既有同事,品牌行銷處 鄒佩蓉(Pamela),營運風險,5,人力資源管理或培育不足，影響人才招募與留任，以及策略與/或營運目標的推動與實現。,5.2,同仁未能完全理解組織願景，以致傳遞不相同品牌理念給客戶，造成客戶困惑。,新進同仁會給予品牌課程，最新消息也會透過各項內部平台(信件與開機畫面)與全公司同仁溝通。,到當季中仍無法開課,到當季底仍無法開課,品牌行銷處主管、人力資源處,2,2,4,2,2,4,-,-,-,-,-,,維持評分,4,N/A
永續發展ESG政策遵循,資訊安全,人力資源處 李英豪(FRANCE),資訊處,"資安管理系統：
年底前核心系統BPM取得資安管理系統認證 ISO27001:2022",資訊處-劉逢元,營運風險,5,人力資源管理或培育不足，影響人才招募與留任，以及策略與/或營運目標的推動與實現。,5.1,對跨國製造業資安管理系統導入流程不熟悉，導致無法於預定時間內取得認證。,委託專業輔導跨國製造業顧問公司協助輔導管理制度並通過認證。,"1.發布資安政策與資安管理程序書(9/6前)
2.完成風險評鑑作業(10/1前)","1.發布資安政策與資安管理程序書(9/15前)
2.完成風險評鑑作業(10/10前)",資訊處主管,2,2,4,2,2,4,-,-,-,-,-,,,4,N/A
永續發展ESG政策遵循,公司治理,人力資源處 李英豪(FRANCE),財會處,提高公司治理評鑑等級(前5%第一級公司),ESG小組 鄭鈞巖,營運風險,5,人力資源管理或培育不足，影響人才招募與留任，以及策略與/或營運目標的推動與實現。,5.3,因為人為疏失，失去得分機會，造成目標無法達成。,加強複核機制。,10月前完成執行75%的公司治理評鑑要求,12月前完成執行85%的公司治理評鑑要求,公司治理主管,1,2,2,2,1,2,-,-,-,-,-,,,2.24,N/A
永續發展ESG政策遵循,公司治理,人力資源處 李英豪(FRANCE),人力資源處,"依據ESG階段性需求實施訓練:
課程滿意度≧4.35",人力資源處 林民昌,營運風險,5,人力資源管理或培育不足，影響人才招募與留任，以及策略與/或營運目標的推動與實現。,5.4,上課後的問卷調查學員回饋結果不佳，可能是課程內容編排、主題切合度、講師表達方式、講師和學員互動、場地安排等因素所導致調查滿意度未能達到4.35。,"明訂學習目標
確認教材合宜
慎選授課講師",課程滿意度未達4.5,課程滿意度未達4.35,人力資源處主管、學員,1,3,3,1,2,2,-,-,-,-,-,,,2.4,N/A
Margin Margin Margin x Profit Profit Profit,達成預算營業利益,採購資材群 吳宗庭(CHARLY),財會處,控制呆帳金額在USD30萬內,財務部 王敘安,營運風險,5,人力資源管理或培育不足，影響人才招募與留任，以及策略與/或營運目標的推動與實現。,5.5,業務人員流動性大，新進業務人員對客戶掌握度較低，如客戶有財務危機可能不易察覺，無法提前收款，導致呆帳金額飆升。,業務內部加強教育訓練，財務部也會定期宣導注意事項。,呆帳金額達USD10萬,呆帳金額達USD20萬,財會處主管、業務事業群主管,3,1,3,2,2,4,-,-,-,-,-,,"單位：影響：1：可能性：3
主責：影響：2；可能性：2",3.84,"●各單位風險評估值調整：「可能性-各單位」可調整為3，「影響-各單位」可調整為1。
●主責單位風險評估值調整：「可能性-主責單位」可調整為2，「影響-主責單位」可調整為2。"
專注產品項目(SSD+DRAM+EV(電動三輪車)+XPG(電競產品)+IA(工控產品)),研發單位產出技術為導向的產品Roadmap(前瞻產品),產品研發群 戴子然(NICK),人力資源處,"依據營運階段性布局實施招募:
待補職缺率≦3.8%",人力資源處 林民昌,營運風險,5,人力資源管理或培育不足，影響人才招募與留任，以及策略與/或營運目標的推動與實現。,5.6,招募到的研發專業人才在面談之後，對公司的願景、工作文化、薪資滿意度等因素而婉拒職缺，導致待補職缺未能控制在3.8%內。,參賽認證以強化雇主品牌提供具市場競爭性的薪酬。,職缺率超過4%,職缺率超過3.8%,人力資源處主管、用人單位主管,2,2,4,3,2,6,-,-,-,-,-,,維持評分,5.2,N/A
切入AI、生成式AI、AIOT、IOT、區塊鏈應用與碳權領域,增加Enterprise及Embedded產品Roadmap,產品研發群 戴子然(NICK),工控產品行銷處,IA 產品導入客戶 AIOT / IOT 應用的數量目標20例,產品研發群 鄭祥浚,營運風險,5,人力資源管理或培育不足，影響人才招募與留任，以及策略與/或營運目標的推動與實現。,5.7,"C.內部因素:
1. 業務離職專案無完全交接，導致無法有效更進

針對目前風險原因評估:
C1. 業務離職導致客戶專案無有效交接及後續更進",C1.業務主管需針對業務成員的專案進行了解，以防止業務離職時相關專案的進度無法掌握。,需針對各個客戶專案了解在送樣品驗證後需要的時間，然後以此驗證時間當做警戒值，若是在此時間到時未完成產品驗證，即發出警戒。,"PM告知業務與業務主管此專案應完成驗證，請業務了解此專案目前在客戶的詳細狀況，以利後續做相對應的處理對策。
",產品研發群主管、業務管理群主管,3,4,12,3,4,12,降低,1. 在每個專案中指派備援業務或團隊成員，共同參與關鍵會議及掌握進度，降低專案完全依賴單一業務的風險。,產品行銷(PM) / 業務(Sales),需針對各個客戶專案了解在送樣品驗證後需要的時間，然後以此驗證時間當做警戒值，若是在此時間到時未完成產品驗證，即發出警戒。,"PM告知業務與業務主管此專案應完成驗證，請業務了解此專案目前在客戶的詳細狀況，以利後續做相對應的處理對策。
",,,12,N/A
切入AI、生成式AI、AIOT、IOT、區塊鏈應用與碳權領域,增加Enterprise及Embedded產品Roadmap,產品研發群 戴子然(NICK),SBM產品行銷部,"2024年開發以下產品. 共計4項產品.
1.1TB以上之大容量PCIe Gen4 SSD for AI PC應用
2.16GB以上之LPCAMM2  for AI PC應用
3.Enterprise PCIe Gen5 SSD for AI server應用
4.CXL2.0 E3.S for AI server應用

2025年新產品規劃. 共計2項產品.
1.UFS4.0 for AI smart phone應用
2.DDR5 MR-DIMM for AI server應用""	

2024年專案開發進度: 
#1已開發完成. SM2P41C8產品最大容量有達1TB.
#2產品開發時程delay至2025/1H.
#3產品開發時程delay至2025/1H.
#4產品開發時程delay至2025/1H.",產品研發群 鄭祥浚,營運風險,5,人力資源管理或培育不足，影響人才招募與留任，以及策略與/或營運目標的推動與實現。,5.8,"D.內部因素:
    6. 因應全新產品線,公司無專精新產品/新技術/新應用之團隊導致產品競爭力不足","針對內部因素6情境, 提前規劃前瞻產品技術人才培養及建置. 建置前瞻團隊定期追蹤協會及原廠開發動態, 熟悉及研究新技術規格走向並建構公司自身技術know how.","以2024年底開發產品完成的時程回推, 2024/6月需要進行kick off; 2024/9月需要完成EVT樣品, 可以此2個milestone為警戒值. 
如果在這2個時間點沒有完成kick off和EVT打樣, 即對產品開發時程發出警戒.","產品開發時程遇到警戒值之action:
1.告知高階主管知悉開發狀況以及對策.
2.告知業務部門以利跟客戶溝通,並與客戶調整&更新送樣時程.",產品研發群主管、產品行銷處主管,3,3,9,3,4,12,-,-,-,-,-,,維持評分,10.8,N/A
切入AI、生成式AI、AIOT、IOT、區塊鏈應用與碳權領域,提升AI專業技能,產品研發群 戴子然(NICK),資訊處,IT參與AWS AI企業認證通過27%,資訊處-劉逢元,營運風險,5,人力資源管理或培育不足，影響人才招募與留任，以及策略與/或營運目標的推動與實現。,5.9,"風險原因：
1. AI資源匱乏(包括人才, 技能和經驗)
2. 參與的IT人員無任何AI技術基礎
3. IT人員無充分時間上課和學習

風險影響：
對於未來公司推廣AI應用導入，IT無法提供充足的人才和專業的支援。","1. 11/15前完成考試報名
2. 11/26前完成線上課程
3. 12/10前完成模擬考試
4. 12/27前完成正式考試","警戒值:40%

11月完成上課與報名考試","警戒值:70%

12月11月完成模考試與正式考試",資訊處主管,4,1,4,3,1,3,-,-,-,-,-,,"
主責：
影響：1
可能性：3",3.4,●主責單位風險評估值調整：「可能性-主責單位」可調整為3，「影響-主責單位」可調整為1。
Margin Margin Margin x Profit Profit Profit,達成預算營業利益,採購資材群 吳宗庭(CHARLY),財會處,外幣曝險部位避險50%,蘇州財會部 葉淑慧,財務風險,6,未落實執行避險策略，致避險覆蓋率未達標。,6.1,"如發生以下狀況時，避險覆蓋率可能會無法達到50%
1.人員沒有按設定機制執行避險","1.財務人員每月針對公司外匯收付、涉及外匯的交易作曝險部位預估, 針對遠期合同內容、費用結構進行初步評鑑後,選取1~3家合適的銀行, 依衍生性金融商品交易管理辦法經權責主管核准後進行交易。",外幣曝險部位避險40%,外幣曝險部位避險35%,財會處主管,3,3,9,3,3,9,-,-,-,-,-,,,9,N/A
永續發展ESG政策遵循,減碳,人力資源處 李英豪(FRANCE),蘇州管理處                           ,推動智慧節能管理並提升蘇州生產中心綠電占比到蘇州總用電量的2.5%,ESG小組 鄭鈞巖,ESG永續風險,7,因氣候變遷之極端氣候現象，影響綠能使用率。,7.1,氣候變遷帶來問題 (例如，水旱災)，導致太陽能發電低於預期，直接造成綠電目標不達標。,蘇州規劃增加太陽能板量體來增加綠電產量，以確保達成目標。,2024/11/30綠電佔比達到1.8%,2024/12/31綠電佔比達到2.0%,蘇州管理處主管,1,2,2,1,2,2,-,-,-,-,-,,,2,N/A
Margin Margin Margin x Profit Profit Profit,達成預算營業利益,採購資材群 吳宗庭(CHARLY),生產事業群,製造單位變動成本降低5%,蘇州製造 钱华根、丁南成,營運風險,9,技術或設備老化，造成企業維運成本提高。,9.1,因設備使用年限較久，設備老化导致設備故障率增加，需要增加維修費用。,"2.1.通過對不同年限老舊設備定義不同的維護保養頻次，降低設備故障率從而降低維修成本，以及評估對老舊設備進行汰換從而降低維修成本；
2.2.通過提升廠內工程師作業技能替代廠商維修從而降低維修費用。",4.50%,4.00%,生產事業群  群,2,1,2,1,1,1,-,-,-,-,-,,,1.4,N/A
永續發展ESG政策遵循,減碳,人力資源處 李英豪(FRANCE),採購處,"打造2024年供應鍊在地化，提高巴西/印度在地採購量20%                                     (由各分公司在地採買及減少降低送貨次數)

2023巴西包材: 當地0%;非當地100%，當地提升至20%
2023巴西MRO: 當地37%;非當地63%，當地提升至57%
2023印度包材: 當地2%;非當地98%，當地提升22%
2023印度MRO: 當地6%;非當地94%，當地提升26%",ESG小組 鄭鈞巖,營運風險,10,供應鏈韌性－合格供應商來源與物料管理,10.1,當地沒有相關符合永續標準的產品和資源、或是原物料成本比進口成本高，造成營運成本提升。,鄰近國家替代solution or 備貨週期拉長，保證安全庫存水位。,"10/B 已提升至
2023巴西包材: 當地34%
2023巴西MRO: 當地52%;
2023印度包材: 當地78%;
2023印度MRO: 當地73%;
","11/E
2023巴西MRO: 當地57%. 如未能達成需再多評估是否有替代產品做取代，以利達成再5%的目標。",採購資材群主管,2,2,4,2,2,4,-,-,-,-,-,,,4,N/A
降低庫存水位,庫存水位降至16週,產品行銷處 陳志瑋(IBSEN),採購處,減少進貨數量與金額。當庫存水位過高時，在一季度內庫存金額水位需降至16週以下。,DRAM產品行銷部  蔡翊琳,營運風險,10,供應鏈韌性－合格供應商來源與物料管理,10.2,成本單價來自於與原廠議價結果，可能到不了目標價格。,策略性漸少購買量，降低margin偏低甚至是負毛利的可能性。,採滾動式調整進貨數量與金額，每周庫存會議monitor未來半年市場趨勢，動態調整庫存水位16週-24週。,採滾動式調整，依市場趨勢，控制水位16週。,採購資材群主管,3,3,9,3,3,9,-,-,-,-,-,,,9,N/A
降低庫存水位,庫存水位降至16週,產品行銷處 陳志瑋(IBSEN),採購處,減少進貨數量與金額。當庫存水位過高時，在一季度內庫存金額水位需降至16週以下。,DRAM產品行銷部  蔡翊琳,營運風險,10,供應鏈韌性－合格供應商來源與物料管理,10.3,供應商原廠壓力、LTA hit/rate合約達成率，進而影響進貨數量與成本。,LTA簽訂前，完善地準備下一年度需求評估資料(考量外來市場供需狀況、預估價格與預估銷售量)。,採滾動式調整進貨數量與金額，每周庫存會議monitor未來半年市場趨勢，動態調整庫存水位16週-24週。,採滾動式調整，依市場趨勢，控制水位16週。,採購資材群主管,3,3,9,3,3,9,-,-,-,-,-,,"主責：
可能性：3
影響：3",9,●主責單位風險評估值調整：「可能性-主責單位」可調整為3，「影響-主責單位」可調整為3。
專注產品項目(SSD+DRAM+EV(電動三輪車)+XPG(電競產品)+IA(工控產品)),研發單位產出技術為導向的產品Roadmap(前瞻產品),產品研發群 戴子然(NICK),DRAM產品事業處,"2024年開發7種新產品
1. DDR5 CUDIMM-on schedule
2. DDR5 CSODIMM-on schedule
3. CAMM2-on schedule
4. LPCAMM2-on schedule
5. CXL Memory Module-延後至2025/Q1
6. MRDIMM-延後至2025/Q1
7. DDR5 OC CUDIMM-on schedule",產品研發群 郭儒鴻,營運風險,10,供應鏈韌性－合格供應商來源與物料管理,10.4,"外部因素:
A.外部廠商因素:
    3. 電子料件短缺導致無法生產出貨",3. 採購密切合作，尋找多家供應商，避免短缺發生，而若發生，則配合採購緊急找到之新供應商進行hot run驗證。,"依產品開案Kick Off 完成階段設定各階段EVT/DVT/PVT完成時間點
若在各階段時間間點內未完成會於各階段的Close meeting發出預警通知PM及相關單位","當達到警戒值警:
1.通知PM單位,告知目前專案進度

2.若因外部廠商因素則導致,偕同PM單位及採購單位與外部廠商進行會議討論,訂出更新後的時程

3.若因內部因素則Highlight至研發群級主管，並商討對策",採購資材群主管,2,4,8,3,3,9,-,-,-,-,-,,"主責：
可能性：3
影響：3",8.84,●主責單位風險評估值調整：「可能性-主責單位」可調整為3，「影響-主責單位」可調整為3。
專注產品項目(SSD+DRAM+EV(電動三輪車)+XPG(電競產品)+IA(工控產品)),研發單位產出技術為導向的產品Roadmap(前瞻產品),產品研發群 戴子然(NICK),SSD產品事業處,"2024年開發6種新產品l及2種是全新規格產品
1.PCIe Gen5 SSD 8CH IG5666 LEGEND 970 PRO(On Going)
2.PCIe Gen5 SSD 8CH SM2508 MARS 970 STROM/MARS 970(On Going)
3.PCIe Gen5 DRAM LESS SSD 4CH Solution 
4.PCIe Gen5x4 enterprise U.2 SSD SMI SM8366 + Micron B58R eTLC
5. PCIe Gen4x4 E18 M.2 2230 2268XT2+ B58R 
6.ePOP 32GB + 16Gb SM2730+Micron B16+Micron 16Gb LPDDR4X",產品研發群 郭儒鴻,營運風險,10,供應鏈韌性－合格供應商來源與物料管理,10.5,"C.外部產業環境因素
9. 電子料件短缺導致無法生產出貨","針對C.外部產業環境因素9情境,RD需透過零件規格評估表於關鍵零組件建立替代料機制。","依產品開案Kick Off 完成階段設定各階段EVT/DVT/PVT完成時間點
若在各階段時間間點內未完成會於各階段的Close meeting進行發出警戒通知PM及相關單位

【可依各個專案時程回覆警戒值】","當達到警戒值警:
1.通知產品行銷單位,告知目前專案進度

2.若因外部廠商因素則導致,偕同產品行銷單位及及採購單位與外部廠商進行會議討論,訂出更新後的時程
【可依各個專案時程回覆行動值】",產品研發群主管、產品行銷處主管,4,4,16,3,3,9,-,,,,,,"主責：
可能性：3
影響：3",11.56,●主責單位風險評估值調整：「可能性-主責單位」可調整為3，「影響-主責單位」可調整為3。
專注產品項目(SSD+DRAM+EV(電動三輪車)+XPG(電競產品)+IA(工控產品)),研發單位產出技術為導向的產品Roadmap(前瞻產品),產品研發群 戴子然(NICK),電競市場規劃部,2024年開發8種新產品|及7種是全新規格產品,產品研發群 郭儒鴻,營運風險,10,供應鏈韌性－合格供應商來源與物料管理,10.6,"外部因素: 
5. 海運運費漲價
內部因素: 
8. 電子料件短缺導致無法生產出貨 
9. 供應商對特殊物料的議價能力，造成成本無法滿足需求
10. 供應商技術問題，導致上市時間延後 ","針對外部因素情境1-5: 
定期追蹤各連動較高的原廠開發進度, 隨時應變並調整相關產品專案上市時程，若市場有缺貨訊息或運費上漲疑慮，需進行提前備料或訂船出貨，以利產品策略能夠被隨時調整並以獲取公司最大利益為主軸目標。

針對外部供應商因素情境8-10:
定期檢視供應商產能 & 特殊物料的控價能力 & 供應商研發團隊的人員配置, 在每個產品線都要有複數家的供應廠商可即時調配專案","依照整體專案時程控管Kick-off & Tooling start兩個時程, 若以2024年11月要量產的時程回推, 則Kick-off的時間需要在2024/4月需要進行Kick-off, 2024/ 7越需要進行Tooling start, 可以這兩個時間作為警戒值, 若在這兩個時間未完成該執行動作, 則須立即對此專案發出警戒","產品開發期間遇到需對此專案發出警戒之Action:
1. 整理完整資料後, 向高階主管報告現有開發狀況/ Gating與對策
2. 通知業務部門, 專案因故須延後數月, 讓業務端可即時安排替代商品進行銷售, 降低對市場的影響範圍",產品研發群主管、產品行銷處主管,3,3,9,3,4,12,-,,,,,,維持評分,10.8,N/A
Margin Margin Margin x Profit Profit Profit,達成預算營業利益,採購資材群 吳宗庭(CHARLY),財會處,控制呆帳金額在USD30萬內,財務部 王敘安,營運風險,11,地緣政治風險,11.1,"1.中國總體經濟持續下行，中國客戶倒帳風險提高，導致呆帳金額飆升
2.地緣政治風險以及大國間加劇對抗，新興國家取得美金不易，導致客戶付款困難，導致呆帳金額飆升","1.依照集團保險管理辦法，加購中國當地應收帳款保險保單(信用保險)，讓保險能更有效的覆蓋中國客戶
2.台灣對於新興國家匯入款管制較多，與業務討論後請客人以人民幣付款到香港子公司。",呆帳金額達USD10萬,呆帳金額達USD20萬,財會處主管、業務事業群主管,1,3,3,3,4,12,-,,,,,,"單位：
可能性：3；影響：4

主責：
可能性：3；影響：4",8.4,"●各單位風險評估值調整：「可能性-各單位」可調整為3，「影響-各單位」可調整為4。
●主責單位風險評估值調整：「可能性-主責單位」可調整為3，「影響-主責單位」可調整為4。"
降低庫存水位,庫存水位降至16週,產品行銷處 陳志瑋(IBSEN),採購處,減少進貨數量與金額。當庫存水位過高時，在一季度內庫存金額水位需降至16週以下。,DRAM產品行銷部  蔡翊琳,營運風險,11,地緣政治風險,11.2,供應商受到政治(稅務、地緣政治、國際政治)等因素，導致預估供貨量與價格達標。,當supply 短缺時，採購主動向原廠或現貨市場找貨；PM發起停止報價與配貨，保護我司毛利，讓營運短少的狀況降到最低。,採滾動式調整進貨數量與金額，每周庫存會議monitor未來半年市場趨勢，動態調整庫存水位16週-24週。,採滾動式調整，依市場趨勢，控制水位16週。,採購資材群主管,2,5,10,2,4,8,-,-,-,-,-,,,8.8,
營收目標400億+拓展通路與市占率,營收目標400億,採購資材群 吳宗庭(CHARLY),OBM(含海外&XPG),以公司目標營收14%為目標，並達成年度各部級業績目標100%,通路業務事業群 -邱楷揚,營運風險,11,地緣政治風險,11.3,地緣政治風險， 因戰爭或國際糾紛所衍生之貿易壁壘或其他經濟制衡手段等不可抗力因素，導致無法出貨或是經濟衰退，業績無法達成。,同上，並應分散風險，積極拓展市場，避免業績目標過度仰賴單一國家或是單一客戶。,單一客戶佔比部門業績比例超過40%。,單一客戶佔比部門業績比例超過50%。,通路業務事業群主管,3,5,15,4,5,20,降低/移轉,"降低風險：積極開發新市場，降低對風險國家的依賴程度。
移轉風險：針對高風險國家，透過第三地/第三方協助處理金流物流，轉移風險。",歐洲通路業務處,單一客戶佔比部門業績比例超過40% 。,單一客戶佔比部門業績比例超過50%。,,"超過25%
部門：
可能性：3
影響：5

Charly：
可能性：4
影響：5",18,"●各單位風險評估值調整：「可能性-各單位」可調整為3，「影響-各單位」可調整為5。
●主責單位風險評估值調整：「可能性-主責單位」可調整為4，「影響-主責單位」可調整為5。"
降低庫存水位,庫存水位降至16週,產品行銷處 陳志瑋(IBSEN),採購處,減少進貨數量與金額。當庫存水位過高時，在一季度內庫存金額水位需降至16週以下。,DRAM產品行銷部  蔡翊琳,營運風險,12,供應鏈韌性－重大天災與大規模疫情,12.1,供應商受到天災(地震、水災)/人禍(罷工、跳電、火災)等因素，導致預估供貨量與價格達標。,當supply 短缺時，採購主動向原廠或現貨市場找貨；PM發起停止報價與配貨，保護我司毛利，讓營運短少的狀況降到最低。,採滾動式調整進貨數量與金額，每周庫存會議monitor未來半年市場趨勢，動態調整庫存水位16週-24週。,採滾動式調整，依市場趨勢，控制水位16週。,採購資材群主管,2,5,10,1,4,4,-,-,-,-,-,,,6.16,N/A
永續發展ESG政策遵循,公司治理,人力資源處 李英豪(FRANCE),行政服務部,建立友善環境的零職災安全健康職場,行政服務部 藍淑芳(Vicky),合規風險,13,承攬商管理與勞安意識不足，以致合規風險提高。,13.1,"於裝修工程發包時未依規定執行承攬商的危害告知及相關承攬商管理,如發生重大工安事件,會導致公司受罰及停工處分。","施工前會進行承攬商安全講習,要求廠商簽屬承諾書,並實施施工現場巡檢,環安單位及監工單位對於承攬商之違反安全衛生及環保事項，得進行指導糾正，承攬商作業人員應立即改善更正。依情節輕重，可以口頭告知或開立（承攬商違規告發單)要求改善；違規情況嚴重者，可要求其立即停工，直至改善為止，因停工而引起之任何損失由承攬商自行負責。",當巡檢發現異常狀況件數超過2件以上時即需警戒並加強宣導及要求,當巡檢發現異常狀況件數超過3件以上或有人受傷送醫時即要求立即停工檢討改善,職安室主管,2,4,8,2,3,6,-,-,-,-,-,,,6.8,N/A
Margin Margin Margin x Profit Profit Profit,達成預算營業利益,採購資材群 吳宗庭(CHARLY),生產事業群,製造單位變動成本降低5%,蘇州製造 钱华根、丁南成,合規風險,14,法令變動影響營運成本－最低薪資,14.1,因經濟的增長導致物價上漲，政府對最低薪資水準的調漲，以及市場人力資源緊縮企業為了穩崗提升員工福利待遇，使得人力成本不斷上升。,"1.1.持續導入自動化作業降低作業人力，以降低變動費用之人力成本；
1.2. 通過工單合併生產，減少換線造成換線工時，從而增加產出；",4.50%,4.00%,生產事業群  群,2,1,2,1,1,1,-,-,-,-,-,,,1.4,N/A
營收目標400億+拓展通路與市占率,營收目標400億,採購資材群 吳宗庭(CHARLY),OBM(含海外&XPG),"ADATA Revenue by territory (Total) : $21.4M
 XPG Gaming Revenue : $534k",業務事業群-印度南亞通路主管 (魏祥峯),營運風險,15,品牌形象受仿冒品、訂價策略與/或過去委外品質控管衝擊，影響營收與獲利。,15.1,公司品牌形象受仿冒品、過去的訂價策略與委外生產品質控管不佳影響，雖已改採自行生產，但是品牌形象已受影響，價格與銷量無法提升。,"1. 逐一拜訪經銷商微調定價並給出誘因，以重新建立形象。
2. 對仿冒品提起訴訟。","每半個月40%
每月或每季
80%","每半個月20%
每月或每季60%",業務管理群主管,3,1,3,1,3,3,-,,,,,,"總經理說公司沒有委外生產。
可能性：1；影響：3


而是仿冒品生產，請針對仿冒品對品牌的牽連。(仿冒品的訴訟)發想相關風險情境。",3.96,"●主責單位風險評估值調整：「可能性-各單位」可調整為1，「影響-各單位」可調整為3。
●風險事件來源及情境調整：可增添與「仿冒品」攸關之風險情境敘述。"
"強化品牌價值(ADATA,XPG)",維持台灣前20大國際品牌,品牌行銷處 劉怡君(JENNIE),品牌行銷處,100%確保品牌代言人IP在線上線下以及包裝上的曝光均能符合品牌價值且無傷害品牌價值之情事,"電競行銷處范勻瑄
(RICE)",營運風險,16,負面事件危機處理或社群媒體管理不當，影響品牌形象。,16.1,"1. 因品牌代言IP被冒用至非XPG與威剛的產品上而導致對品牌IP的傷害
2. 非威剛授權對象冒用品牌代言IP並從事對品牌代言IP形象有傷害的行為","1. 每月於與分公司的行銷月會上監控全球與區域線上線下的曝光均正常使用品牌代言人IP, 一旦發現使用方式有疑慮, 於每月會議提出糾正要求並限期改善
2. 第一時間得知情事時即通知法務單位
3. 偕同法務單位進行蒐證並採與必要法律動作要求下架/下線",出現一次非法使用，且品牌影程度較低,出現超過一次非法使用或影響程度較大時,品牌行銷處、分公司行銷與業務同仁、威剛關係企業、威剛授權外部合作對象、法務部,2,3,6,2,3,6,-,-,-,-,-,,"部門：
可能性：2
影響：3

主責：
可能性：2
影響：3",6,"●各單位風險評估值調整：「可能性-各單位」可調整為2，「影響-各單位」可調整為3。
●主責單位風險評估值調整：「可能性-主責單位」可調整為2，「影響-主責單位」可調整為3。"
"強化品牌價值(ADATA,XPG)",集團獎項每年5個以上;  產品獎項(ADATA/ XPG)每年30個以上,品牌行銷處 劉怡君(JENNIE),品牌行銷處,品牌好感度- 確保在國際媒體的聲量-媒體輿論管與社群媒體有效管理，增加5%互動率,品牌行銷處 鄒佩蓉(Pamela),營運風險,16,負面事件危機處理或社群媒體管理不當，影響品牌形象。,16.2,因未有效掌握媒體輿論風向或趨勢，社群與媒體輿論未即時控管，導致社群媒體訂閱數下降。,品牌透過媒體監測，了解社群與傳統媒體對於品牌的反饋，提升互動率。,互動率較去年同期(或上個月)下降15%,互動率較去年同期(或上個月)下降30%,品牌行銷處主管、媒體,2,4,8,2,4,8,-,-,-,-,-,,維持評分,8,N/A
專注產品項目(SSD+DRAM+EV(電動三輪車)+XPG(電競產品)+IA(工控產品)),研發單位產出技術為導向的產品Roadmap(前瞻產品),產品研發群 戴子然(NICK),法務部,全球專利布局(2024年目標60件),法務部 張倍禎(Belle),營運風險,17,缺乏專利保護意識與/或管理資源，無法有效管理專利。,17.1,因同仁可能對未意識到日常研發的設計及產品無足夠的認知利，故未就可申請專利的設計或產品進行申請專利。,"1.適時安排教育訓練，讓公司同仁知悉日常研發的產品可申請相關專利。
2.定期檢視該年專利申請件數。",上半年底官方申請數量是否達30件,上半年底官方申請數量低於20件,法務部主管、產品研發群主管,1,1,1,2,3,6,-,-,-,-,-,,請確認今年是否達標,3.52,●依照營運單位目標達成率達成情形，可評估是否調整風險係數(可能性-各單位、影響-各單位)。
營收目標400億+拓展通路與市占率,營收目標400億,採購資材群 吳宗庭(CHARLY),工控事業群,年度營收 $103M,工控事業群-張振紘,營運風險,18,產品、設備、製程品質與安全管控不良，導致客戶滿意度與訂單下降，影響營收目標達成。,18.1,2.產品品質的穏定度未達客戶需求。,"2.產品優化的設計導入前期產品規劃，並結合產品開發驗證，有效改善產品穏定度。
3.針對產品發生問題，有效處理客戶問題提升客戶滿意度，使客戶持續採用威剛產品。","以季為review 的單位,以達成率80%為警戒值","以季為review 的單位,若達成率低於70% ,會採取更積極的做法進行回升",工控事業群主管、產品行銷處主管、產品研發群主管、產品行銷處主管,3,3,9,3,2,6,-,-,-,-,-,,"影響；可能性
部門：3：3
主責：2：3",7.2,"●各單位風險評估值調整：「可能性-各單位」可調整為3，「影響-各單位」可調整為3。
●主責單位風險評估值調整：「可能性-主責單位」可調整為3，「影響-主責單位」可調整為2。"
營收目標400億+拓展通路與市占率,營收目標400億,採購資材群 吳宗庭(CHARLY),SBM,維持現有客戶不掉單,SBM業務事業群-呂聖智,營運風險,18,產品、設備、製程品質與安全管控不良，導致客戶滿意度與訂單下降，影響營收目標達成。,18.2,產品品質或設計方向不符合客戶需求導致掉單影響業績。,"產品品質的確保和設計初期規劃的方向正確性!工廠交班需有詳細的控制表 ,開發新產要仔細和PM & Sales 確定規格和產品生命週期。",N/A,N/A,SBM業務事業群主管、研發事業群主管、生產部主管,3,3,9,1,5,5,-,,,,,,"公司說明依今年狀況已達成，會調整評分：
主責：
可能性：1；影響：5",7.56,●主責單位風險評估值調整：「可能性-主責單位」可調整為1，「影響-主責單位」可調整為5。
布局文化藝術,黑膠音樂博物館試營運期間以兩千人次參觀數為目標,運彩處 林天瓊(TAINCHIUNG),文創事業處,每年參觀人數達兩千人為目標,文創事業處  王睿達,營運風險,19,產品訴求／服務規劃未掌握客戶喜好,19.1,a.館內陳設與展覽主題，是否符合參觀觀眾喜好。,a.廣泛收集參觀觀眾意見，並擬定改善措施，藉以持續吸引觀眾參觀，達到參觀人次目標。,每季參觀人數達成率為30%或以下,每季參觀人數達成率為30%,文創事業處,1,1,1,1,1,1,-,-,-,-,-,,"單位：
可能性：1
影響：1

營運單位目標調整為：
以每年參觀人數達兩千人為目標",1,"●各單位風險評估值調整：「可能性-各單位」可調整為1，「影響-各單位」可調整為1。
●營運單位目標調整：調整為「以每年參觀人數達兩千人為目標」。"
永續發展ESG政策遵循,公司治理,人力資源處 李英豪(FRANCE),財會處,提高公司治理評鑑等級(前5%第一級公司),ESG小組 鄭鈞巖,策略風險,20,無法回應資訊揭露透明度要求，影響公司治理評分。,20.1,公司治理評鑑部分題型需要揭露公司敏感資訊，造成部分題型無法回答，進而放棄相關分數。,"1.較敏感題型放棄。
2.加強其他題型得分。",10月前完成執行75%的公司治理評鑑要求,12月前完成執行85%的公司治理評鑑要求,公司治理主管,2,2,4,2,2,4,-,-,-,-,-,,,4,N/A
布局文化藝術,黑膠音樂博物館試營運期間以兩千人次參觀數為目標,運彩處 林天瓊(TAINCHIUNG),文創事業處,每年參觀人數達兩千人為目標,文創事業處  王睿達,營運風險,21,無效使用傳統和社交媒體進行行銷,21.1,b.若行銷預算不足，無法適度宣傳以吸引觀眾，而致參觀人數無法達標。,b.分析行銷預算與來客數之相關性，擬定適合之宣傳管道與預算，以達成參觀人數目標。 ,每季參觀人數達成率為30%或以下,每季參觀人數達成率為30%,文創事業處,1,1,1,1,1,1,-,-,-,-,-,,,1,N/A
降低庫存水位,庫存水位降至16週,產品行銷處 陳志瑋(IBSEN),採購處,減少進貨數量與金額。當庫存水位過高時，在一季度內庫存金額水位需降至16週以下。,DRAM產品行銷部  蔡翊琳,財務風險,22,匯率波動劇烈，影響企業庫存水位與獲利目標。,22.1,匯率考量影響進料，所以須先分配各產品線庫存配比，進而影響銷售策略。,"匯率: 爭取更長的payment term, 搭配財務自然避險策略
產品銷售: 實施配貨機制，依照客戶關係與預估未來成長空間調整fulfillment rate",採滾動式調整進貨數量與金額，每周庫存會議monitor未來半年市場趨勢，動態調整庫存水位16週-24週。,採滾動式調整，依市場趨勢，控制水位16週。,財會處主管,1,2,2,1,1,1,-,-,-,-,-,,,1.4,N/A
Margin Margin Margin x Profit Profit Profit,達成預算營業利益,採購資材群 吳宗庭(CHARLY),財會處,外幣曝險部位避險50%,蘇州財會部 葉淑慧,財務風險,22,匯率波動劇烈，影響企業庫存水位與獲利目標。,22.2,"如發生以下狀況時，避險覆蓋率可能會無法達到50%
2.匯率波動太大. 避險成本太高. 
3.當預期匯率轉為人民幣有利時無須將避險覆蓋率提升到50%
4.實際進銷量超出預估值時",2.根據市場情况隨時調整遠期外匯合約的數量和到期日，以適應外匯市場的變化。,外幣曝險部位避險40%,外幣曝險部位避險35%,財會處主管,3,3,9,3,3,9,-,-,-,-,-,,,9,N/A
永續發展ESG政策遵循,減碳,人力資源處 李英豪(FRANCE),產品行銷處、產品研發群,"包裝部分→
先針對SSD M.2產品項目，計劃導入紙內襯結構取代原有的純塑料泡殼，適用於重量低於20g的產品。在現有的26款產品中，將導入16款。
外殼部分→
評估在合適的新開發產品項目導入PCR材料，計畫在DRAM與FLASH主要產品各導入一款產品。                                                     ",ESG小組 鄭鈞巖,營運風險,23,新材料的導入與驗證過程延長開發時間，增加營運成本，影響產品市場接受度和競爭力。,23.1,"1. 因為使用與目標相關永續材料，直接造成營運成本增加，間接導致消費者接受度不佳。

2. 因為導入新的材料，產品需要一些的驗證時間，造成產品的開發時間延長。","1.環保意識的趨勢，再加上各國政府環保法規趨於完善，消費者的接受度會漸漸改善。
2.導入新永續材料時，需提前規劃產品開發時間，確保材料的適配性及產品品質符合要求。",八月，導入PCR的兩款產品完成生產驗證,十月量產兩款使用PCR的產品，Lancer Neon與EC600。,產品行銷處主管,2,2,4,2,2,4,-,-,-,-,-,,,4,N/A
專注產品項目(SSD+DRAM+EV(電動三輪車)+XPG(電競產品)+IA(工控產品)),研發單位產出技術為導向的產品Roadmap(前瞻產品),產品研發群 戴子然(NICK),DRAM產品事業處,"2024年開發7種新產品
1. DDR5 CUDIMM-on schedule
2. DDR5 CSODIMM-on schedule
3. CAMM2-on schedule
4. LPCAMM2-on schedule
5. CXL Memory Module-延後至2025/Q1
6. MRDIMM-延後至2025/Q1
7. DDR5 OC CUDIMM-on schedule",產品研發群 郭儒鴻,策略風險,24,新產品投資與技術研發門檻高，成功機率不確定。,24.1,"外部因素:
A.外部廠商因素:
    1. JEDEC/CXL協會延後發佈新標準
    2. INTEL/AMD延後產品上市
B.外部競爭者因素
    4. 競品搶先發表相同規格或高規格產品
    5. 市場獨創性專利
C.外部客戶因素:
    6.客戶因市場需求變更，因而產品規格變更，導致專案延後
    7.消費降級因素, 導致產品規格與價格驟降
D.內部因素:
    8. 設計開發與驗證的經驗或資源不足

針對目前風險原因評估:
5 風險原因為外部因素，JEDEC/CXL協會規範尚未final, 以致客戶暫保持觀望態度，以免面臨不停的改版重新驗證
6 風險原因為外部因素，JEDEC協會規範尚未final，Gen1版RCD僅有Intel支援，AMD從Gen2開始支援，以及RCD供應商僅有2家告知已Ready，以致客戶暫保持觀望態度，以免面臨不停的改版重新驗證","1 & 2. 密切定期追蹤協會及原廠開發進度, 隨時應變及調整公司銷售產品策略
4. 透過各廠商資訊，確認競品是否已有新產品消息，並適時調整開發計畫
5. 與系統廠/MCU廠/主機板廠一同合作，尋找不侵犯專利之方式開發產品
6. 除配合客戶專案時程外，亦可將原產品推薦給其他客戶
7. 與採購密切合作，尋找多家供應商，以期能夠做出更有成本優勢之產品
8. 依據產品開發需求檢視人員&相關設備，若有不足則盡速進行訓練&設備評估，或尋求外部資源，委外專業實驗室驗證、委外開發","依產品開案Kick Off 完成階段設定各階段EVT/DVT/PVT完成時間點
若在各階段時間間點內未完成會於各階段的Close meeting發出預警通知PM及相關單位","當達到警戒值警:
1.通知PM單位,告知目前專案進度

2.若因外部廠商因素則導致,偕同PM單位及採購單位與外部廠商進行會議討論,訂出更新後的時程

3.若因內部因素則Highlight至研發群級主管，並商討對策",產品研發群主管,2,4,8,3,4,12,-,-,-,-,-,,維持評分,10.4,N/A
專注產品項目(SSD+DRAM+EV(電動三輪車)+XPG(電競產品)+IA(工控產品)),研發單位產出技術為導向的產品Roadmap(前瞻產品),產品研發群 戴子然(NICK),SSD產品事業處,"2024年開發6種新產品l及2種是全新規格產品
1.PCIe Gen5 SSD 8CH IG5666 LEGEND 970 PRO(On Going)
2.PCIe Gen5 SSD 8CH SM2508 MARS 970 STROM/MARS 970(On Going)
3.PCIe Gen5 DRAM LESS SSD 4CH Solution 
4.PCIe Gen5x4 enterprise U.2 SSD SMI SM8366 + Micron B58R eTLC
5. PCIe Gen4x4 E18 M.2 2230 2268XT2+ B58R 
6.ePOP 32GB + 16Gb SM2730+Micron B16+Micron 16Gb LPDDR4X",產品研發群 郭儒鴻,策略風險,24,新產品投資與技術研發門檻高，成功機率不確定。,24.2,"外部因素:
A.外部廠商因素
1. JEDEC延後發佈新標準
2. INTEL/AMD延後產品上市
3. SSD主控廠開發時程延後
4.產品FW開發時程延後
5.主控廠商線路設計規格變更
6.委外廠的製造能力限制

B.外部競爭者因素
7.競品搶先發表相同規格或高規格產品 

C.外部產業環境因素
8. 消費降級因素, 導致產品規格與價格驟降
內部因素:
10.設計開發與驗證的經驗或資源不足
11.廠內工廠的製造能力限制
12.高成本的研發和製造的投入
13.量產測試環境不支援全新規格產品
14.產品設計結構不支援自動化設備量產測試","針對A.外部廠商因素1~5情境, 定期追蹤協會更新狀況及原廠Roadmap, 並每周與主控廠商固定會議確認專案開發時程,於設計完成後與廠商建立Design Review會議檢視設計完整性

針對A.外部競爭者因素6及內部因素10-11,13情境,搭配PM產品規畫提前評估所需的專業人才及軟體體設備等資源

針對B.外部競爭者因素7情境, 競品分析與PM討論前期產品規劃,搭配對策主控廠商開發時程提出最佳產品建議

針對C.外部產業環境因素8情境,與PM討論規劃產品線區分搭配TLC 顆粒or QLC 顆粒,在效能相同情況下,達不同產品線價格定位以因應市場價格波動

針對內部因素12情境,依建議料件件共用表採料件共用及共用相同生產製具降低新製具開發成本

針對內部因素14情境,於產品開發初期,Layout 零件擺放位置確認後,提供產線確認是否可於現有自動化設備生產無疑慮","依產品開案Kick Off 完成階段設定各階段EVT/DVT/PVT完成時間點
若在各階段時間間點內未完成會於各階段的Close meeting進行發出警戒通知PM及相關單位

【可依各個專案時程回覆警戒值】","當達到警戒值警:
1.通知產品行銷單位,告知目前專案進度

2.若因外部廠商因素則導致,偕同產品行銷單位及及採購單位與外部廠商進行會議討論,訂出更新後的時程
【可依各個專案時程回覆行動值】",產品研發群主管、產品行銷處主管,4,4,16,4,4,16,降低,"1.訓練提升研發人員素質及技術本位,以符合產品開發時程及預先設想工廠生產時會遭遇到生產困難點並提早因應
2.每周與供應商會議,確實進行案件進度追蹤,及外部業界動態資訊交流
3.製造生產能力及設備持續優化,以提升製造生產能力
4.使用內部BTS系統功能累積Lessons Learned 於新產品開案時用以作為設計參考及預先防範","產品行銷(PM) / 產品研發(RD)
/蘇州工廠","依產品開案Kick Off 完成階段設定各階段EVT/DVT/PVT完成時間點
若在各階段時間間點內未完成會於各階段的Close meeting進行發出警戒通知PM及相關單位","當達到警戒值警:
1.通知產品行銷單位,告知目前專案進度

2.若因外部廠商因素則導致,偕同產品行銷單位及及採購單位與外部廠商進行會議討論,訂出更新後的時程",,,16,N/A
專注產品項目(SSD+DRAM+EV(電動三輪車)+XPG(電競產品)+IA(工控產品)),研發單位產出技術為導向的產品Roadmap(前瞻產品),產品研發群 戴子然(NICK),電競市場規劃部,2024年開發8種新產品|及7種是全新規格產品,產品研發群 郭儒鴻,策略風險,24,新產品投資與技術研發門檻高，成功機率不確定。,24.3,"外部因素: 
1. INTEL設計指導書延後發佈 
2. AMD 延後產品上市
3. NVIDIA 因晶片設計異常導致TSMC延後生產
4. 消費降級因素, 導致產品規格與價格驟降 
內部因素: 
6. 因應新產品線，公司並無專精此產品線之研發團隊，導致產品競爭力不足 ","針對外部因素情境1-5: 
定期追蹤各連動較高的原廠開發進度, 隨時應變並調整相關產品專案上市時程，若市場有缺貨訊息或運費上漲疑慮，需進行提前備料或訂船出貨，以利產品策略能夠被隨時調整並以獲取公司最大利益為主軸目標。
針對內部因素情境6-7:
6. 提前規劃前瞻產品技術人才培養, 熟悉及研究新技術規格. 定期檢視業務通路佈局與銷售數字，並每個月收集市場競品的產品狀態與資訊，了解市場動向，即時調整產品規格以利研發創造出與競品有差異化的產品。","依照整體專案時程控管Kick-off & Tooling start兩個時程, 若以2024年11月要量產的時程回推, 則Kick-off的時間需要在2024/4月需要進行Kick-off, 2024/ 7越需要進行Tooling start, 可以這兩個時間作為警戒值, 若在這兩個時間未完成該執行動作, 則須立即對此專案發出警戒","產品開發期間遇到需對此專案發出警戒之Action:
1. 整理完整資料後, 向高階主管報告現有開發狀況/ Gating與對策
2. 通知業務部門, 專案因故須延後數月, 讓業務端可即時安排替代商品進行銷售, 降低對市場的影響範圍",產品研發群主管、產品行銷處主管,3,3,9,3,4,12,-,-,-,-,-,,維持評分,10.8,N/A
專注產品項目(SSD+DRAM+EV(電動三輪車)+XPG(電競產品)+IA(工控產品)),研發單位產出技術為導向的產品Roadmap(前瞻產品),產品研發群 戴子然(NICK),工控產品研發處,"1. IU2P41BP: SM2264F, U.2 2.5” PCI-e Gen4, BiCS5
=> Delay to 2024 Q4
2.ISSS31IP: SM2259XT3, 2.5”, WDC BiCS8
=> Target to finish at 2024 Q4
3. ISSS31IP: SM2259XT3, 2.5”, WDC BiCS8
=> Target to finish at 2024 Q4
4.  IM2S31I8: SM2259XT3, M.2 2280, WDC BiCS8
=> Target to finish at 2024 Q4
5. IM2P32A8, MAP1202C, SRAM ECC FW release
=>FW released schedule delay from 2024/6/E to 2024/8/E",產品研發群 郭儒鴻,策略風險,24,新產品投資與技術研發門檻高，成功機率不確定。,24.4,"A.外部因素:
  1. NAND flash控制器廠firmware開發時程延後
  2. NAND flash and component 更迭速度過快
B.外部競爭者因素
    1.  競爭者發表我們未開發之產品
C.外部客戶因素:
    1. 客戶需求變更或需求消失
D.內部因素:
    1. 內部開發之firmware測試延遲
    2. 產品layout 延遲及 simulation 延遲
 風險原因:
 A1. 因為控制器原廠支援新的FALSH，Firmware需要支援，這部分開發的時間會被控制器原廠限制住。
 A2. 因為工控產品都是鎖料的，所以有任何元件或是FLASH的更換都必須請客人重測，客人不一定同意。
B1. 業務回報說競爭者推出我們沒有或是沒有計畫開發的產品。
D1.工控自行開發的 firmware在測試上遇到問題，需要延長測試時間，進而影響到project 時程。
D2. 工控產品layout & simulation 造成延遲，需要延長測試時間，進而影響到project 時程。","情境A1. 跟原廠討論提前firmware開發的優先權
 情境A2. 預先備料(last time buy)、請客人測試改過料的SSD
情境B1. 留意競爭對手發表的產品，請PM評估是否需要開發 
情境D1. 訂定firmware測試的時間是否合宜。
情境D2. layout的resource提高，以及simulation team的創建。",專案kickoff跟每個專案時間點要是跟當時訂的時間不一致，根據轉案的執行時間算出估計延遲完成的時間。,"1.告知主管專案延遲狀況
2. 針對延遲的問題做紀錄，避免之後類似問題延遲
3. 請PM告知業務同仁請業務跟客人溝通，調整送樣時間。.",產品研發群主管,3,3,9,3,3,9,-,-,-,-,-,,"部門：
3:3

主責：
3:3",9,"●各單位風險評估值調整：「可能性-各單位」可調整為3，「影響-各單位」可調整為3。
●主責單位風險評估值調整：「可能性-主責單位」可調整為3，「影響-主責單位」可調整為3。"
專注產品項目(SSD+DRAM+EV(電動三輪車)+XPG(電競產品)+IA(工控產品)),既有產品定期更新Roadmap,產品研發群 戴子然(NICK),車用產品開發處,"2024年開發2款動力系統產品
1. 48V 10kW 控制器+馬達
2. 72V 6kW 控制器+馬達",產品研發群 郭儒鴻,策略風險,8,既有產品優化未符合客戶需求或時程延宕，影響送樣時程、客戶需求消失影響訂單。,8.1,"內部因素：
A1. 首次開發控制器銅柱直接黏合製程，此製程可減少零件成本與人工組裝工續。然而，若黏著扭力未達2 牛頓米, 將會造成產品不合規問題
A2. 控制器最大功率點時間未達規格1分鐘
A3. 韌體功能開發延宕，影響送樣時程

外部因素：
B1. 客戶需求變更或需求消失","情境A1: 提前參與廠商治具設計與銅柱接合試作，測試扭力數值分布。若數值未達標，需加快疊代優化製程設計

情境A2: 提前驗證功率板特性是否達標，若無，須調整元件參數或修改布局，快速疊代優化電路設計

情境A3: 定期追蹤韌體開發進度，若有明顯的功能項目延宕，需開會討論解決方式。若無法短時間解決，需請業務與客戶協商替代方案

情境B1: 定期與客戶開會了解客戶需求及市場需求走向, 避免產品開發走向走到市場無需求的方向",兩產品於2024/11/15前，未完成EVT樣品測試，即對產品開發時程發出警戒,兩產品於2024/12/1前，未完成EVT樣品測試，即告知業務部門與客戶溝通並協商更新時程,車用電子事業群主管,1,2,2,2,2,4,-,-,-,-,-,,"單位：
營運單位目標請調整為送樣完成。
單位；部門：維持評分",3.2,●營運單位目標調整：調整敘述，明確說明開發兩款動力系統產品至送樣完成。
專注產品項目(SSD+DRAM+EV(電動三輪車)+XPG(電競產品)+IA(工控產品)),研發單位產出技術為導向的產品Roadmap(前瞻產品),產品研發群 戴子然(NICK),SBM產品行銷部,"2024年開發以下產品. 共計6項新產品.
1.Next generation PCIe Gen4 DRAMless SSD (速度7000 MB/s)
2.Embedded memroy product, 包含eMMC, ePOP, UFS3.1, LPDDR5X
3.DDR5 5600 module, 6400 CKD module

目前專案進度: 
#1確定會delay到2025/Q1開發完成.
#2可順利於2024年開發完成.
#3可順利產出前期樣品做驗證,預計2025 1H送樣客戶.",產品研發群 郭儒鴻,策略風險,24,新產品投資與技術研發門檻高，成功機率不確定。,24.6,"外部因素:
A.外部廠商因素:
    1. JEDEC延後發佈新標準
    2. INTEL/AMD延後產品上市
    3. NAND flash控制器廠開發時程延後

B.外部競爭者因素
    4. 競品搶先發表相同規格產品

C.外部客戶因素:
    5. 客戶需求變更或需求消失
D.內部因素:
    6. 因應全新產品線,公司無專精新產品/新技術/新應用之團隊導致產品競爭力不足
針對目前風險原因評估:
#1Next gen. SSD產品開發時程延遲的主要因素為外部因素, NAND flash控制器廠開發資源不足導致時程延後.","針對外部廠商因素1~3情境, 密切定期追蹤協會及原廠開發進度, 隨時應變及調整公司銷售產品策略.

針對外部競爭者因素4情境, 隨時關注競爭廠商開發動態, 並加緊公司內部新產品開發進度.

針對外部客戶因素5情境, 定期與客戶開會了解客戶需求及市場需求走向, 避免產品開發走向走到市場無需求的方向.

針對內部因素6情境, 提前規劃前瞻產品技術人才培養及建置. 建置前瞻團隊定期追蹤協會及原廠開發動態, 熟悉及研究新技術規格走向並建構公司自身技術know how.","以2024年底開發產品完成的時程回推, 2024/6月需要進行kick off; 2024/9月需要完成EVT樣品, 可以此2個milestone為警戒值. 
如果在這2個時間點沒有完成kick off和EVT打樣, 即對產品開發時程發出警戒.","產品開發時程遇到警戒值之action:
1.告知高階主管知悉開發狀況以及對策.
2.告知業務部門以利跟客戶溝通,並與客戶調整&更新送樣時程.",產品研發群主管、電競市場規劃部主管,4,4,16,4,4,16,降低,"1.逐漸建立完整研發團隊,充實研發產品動能及技術,降低因研發團隊資源不足而導致開發進度落後或失敗的風險.

2.與NAND控制器廠商成立合資公司(joint venture),凝聚雙方研發資源,更緊密合作專注於產品開發.",產品行銷(PM) / 產品研發(RD),"以2024年底開發產品完成的時程回推, 2024/6月需要進行kick off; 2024/9月需要完成EVT樣品, 可以此2個milestone為警戒值. 
如果在這2個時間點沒有完成kick off和EVT打樣, 即對產品開發時程發出警戒.","產品開發時程遇到警戒值之action:
1.告知高階主管知悉開發狀況以及對策.
2.告知業務部門以利跟客戶溝通,並與客戶調整&更新送樣時程.",,,16,N/A
切入AI、生成式AI、AIOT、IOT、區塊鏈應用與碳權領域,增加Enterprise及Embedded產品Roadmap,產品研發群 戴子然(NICK),DRAM產品事業處,"AI SERVER用的DRAM MODULE通過QVL
1. RDIMM -已成功導入一間客戶QVL
2. CXL Memory Module-延後至2025/Q1
3. MRDIMM-延後至2025/Q1",產品研發群 鄭祥浚,策略風險,24,新產品投資與技術研發門檻高，成功機率不確定。,24.7,"外部因素:
A.外部廠商因素:
    1. JEDEC/CXL協會延後發佈新標準
    2. INTEL/AMD延後產品上市
B..外部客戶因素:
    3.客戶因需求變更，或需求消失
D.內部因素:
    4.QVL驗證Fail
    5. 設計開發與驗證的經驗或資源不足

針對目前風險原因評估:
2 風險原因為外部因素，JEDEC/CXL協會規範尚未final, 以致客戶暫保持觀望態度，以免面臨不停的改版重新驗證
3 風險原因為外部因素，JEDEC協會規範尚未final，Gen1版RCD僅有Intel支援，AMD從Gen2開始支援，以及RCD供應商僅有2家告知已Ready，以致客戶暫保持觀望態度，以免面臨不停的改版重新驗證","1 & 2. 密切定期追蹤協會及原廠開發進度, 隨時應變及調整公司銷售產品策略
3. 與PM定期與客戶開會了解客戶需求及市場需求走向, 以及客戶系統開發進度，避免需求消失
4.在開發階段與CPU vendor合作,取得前期開發板，事先進行產品設計調整及產品驗證, 以提升QVL驗證成功率.
5.依據產品開發需求檢視人員&相關設備，若有不足則盡速進行訓練&設備評估，並與CPU vendor / ODM / Platform vendor保持良好關係，必要時商借相關設備or到vendor lab借用","依產品開案Kick Off 完成階段設定各階段EVT/DVT/PVT完成時間點
若在各階段時間間點內未完成會於各階段的Close meeting發出預警通知PM及相關單位","當達到警戒值警:
1.通知PM單位,告知目前專案進度

2.若因外部廠商因素則導致,偕同PM單位及採購單位與外部廠商進行會議討論,訂出更新後的時程

3.若因內部因素則Highlight至研發群級主管，並商討對策",產品研發群主管、產品行銷處主管,4,4,16,4,4,16,降低,每月關注協會動態，並與各RCD供應商確認新產品開發進度，適時轉換至下一世代產品做開發,產品行銷(PM) / 產品研發(RD),"依產品開案Kick Off 完成階段設定各階段EVT/DVT/PVT完成時間點
若在各階段時間間點內有產業/協會新動態，會於各階段的Close meeting發出預警通知PM及相關單位","當達到警戒值警:
1.RD偕同PM單位及採購單位與外部廠商進行會議討論,確認下一世代產品時程
2.告知研發群級主管，並商討是否修改產品開發策略",,"部門：
可能性：4
影響：4

主責：
可能性：4
影響：4",16,"●各單位風險評估值調整：「可能性-各單位」可調整為4，「影響-各單位」可調整為4。
●主責單位風險評估值調整：「可能性-主責單位」可調整為4，「影響-主責單位」可調整為4。"
切入AI、生成式AI、AIOT、IOT、區塊鏈應用與碳權領域,增加Enterprise及Embedded產品Roadmap,產品研發群 戴子然(NICK),工控產品行銷處,IA 產品導入客戶 AIOT / IOT 應用的數量目標20例,產品研發群 鄭祥浚,策略風險,24,新產品投資與技術研發門檻高，成功機率不確定。,24.8,"外部因素:
A.外部競爭者因素
1. 競品提供更具有競爭力的價格搶單
2. 競品提供更快速的交期以滿足客戶急單需求

B.外部客戶因素:
1. 客戶原專案窗口離職，導致專案由其它競品取代導入
2. 客戶專案由原先配件採購，改為整機購入設備
3. 客戶專案因市場變化，停止開發此專案
C.內部因素:
2. 產品品質無法通過客戶客製的驗證規範

針對目前風險原因評估:
A1. 競爭者提供更低的價格，積極的刻意搶單，導致無法導入
B2. 客戶的採購策略變更，從配件改為整機購入
B3. 客戶專案停止設計開發","A1(1). 在成本可以滿足的條件下，試著與客戶溝通提供與競品相同的價格進行競爭。
A1(2). 評估此客戶的所有專案獲利條件，進行整包式調整價格與競品競爭。
B2(1). 在專案導入驗證前就需與客戶採購進行後續導入的評估，以更快的了解其公司對此專案的採購策略。
B2(2). 詢問客戶整機導入的廠商，以便可更進一步推廣產品至此專案的上游廠商。
B3.縮短與客戶的專案跟進時程，以更有效的了解客戶在專案上的狀況，以便提早知道客戶對此專案的市場變化與規劃。",需針對各個客戶專案了解在送樣品驗證後需要的時間，然後以此驗證時間當做警戒值，若是在此時間到時未完成產品驗證，即發出警戒。,"PM告知業務與業務主管此專案應完成驗證，請業務了解此專案目前在客戶的詳細狀況，以利後續做相對應的處理對策。
",產品研發群主管、業務管理群主管,3,4,12,3,4,12,降低,"1. 統整各客戶的需求以制定後續整體的備料計劃，降低因小量採購導致無法議價的情況，進而提供更具競爭力的產品價格。

2. 與客戶溝通時著重強調產品的核心優勢，減少客戶對價格的單一考量，避免陷入純粹的價格競爭。",產品行銷(PM) / 業務(Sales),需針對各個客戶專案了解在送樣品驗證後需要的時間，然後以此驗證時間當做警戒值，若是在此時間到時未完成產品驗證，即發出警戒。,"PM告知業務與業務主管此專案應完成驗證，請業務了解此專案目前在客戶的詳細狀況，以利後續做相對應的處理對策。
",,,12,N/A
切入AI、生成式AI、AIOT、IOT、區塊鏈應用與碳權領域,增加Enterprise及Embedded產品Roadmap,產品研發群 戴子然(NICK),SBM產品行銷部,"2024年開發以下產品. 共計4項產品.
1.1TB以上之大容量PCIe Gen4 SSD for AI PC應用
2.16GB以上之LPCAMM2  for AI PC應用
3.Enterprise PCIe Gen5 SSD for AI server應用
4.CXL2.0 E3.S for AI server應用

2025年新產品規劃. 共計2項產品.
1.UFS4.0 for AI smart phone應用
2.DDR5 MR-DIMM for AI server應用""	

2024年專案開發進度: 
#1已開發完成. SM2P41C8產品最大容量有達1TB.
#2產品開發時程delay至2025/1H.
#3產品開發時程delay至2025/1H.
#4產品開發時程delay至2025/1H.",產品研發群 鄭祥浚,策略風險,24,新產品投資與技術研發門檻高，成功機率不確定。,24.9,"外部因素:
A.外部廠商因素:
    1. JEDEC延後發佈新標準
    2. INTEL/AMD延後產品上市
    3. NAND flash控制器廠開發時程延後

B.外部競爭者因素
    4. 競品搶先發表相同規格產品

C.外部客戶因素:
    5. 客戶需求變更或需求消失

針對目前風險原因評估:
#2 LPCAMM2產品開發時程延遲的主要因素為外部客戶因素,目前客戶需求不高,建議2025在進行送樣.
#3 Enterprise SSD產品開發時程延遲的主要因素為外部廠商因素,NAND flash控制器廠規劃將控制器改版,導致時程延後.
#4 CXL2.0產品開發時程延遲的主要因素為外部客戶因素,目前客戶需求不高,建議2025在進行送樣.","針對外部廠商因素1~3情境, 密切定期追蹤協會及原廠開發進度, 隨時應變及調整公司銷售產品策略.

針對外部競爭者因素4情境, 隨時關注競爭廠商開發動態, 並加緊公司內部新產品開發進度.

針對外部客戶因素5情境, 定期與客戶開會了解客戶需求及市場需求走向, 避免產品開發走向走到市場無需求的方向.","以2024年底開發產品完成的時程回推, 2024/6月需要進行kick off; 2024/9月需要完成EVT樣品, 可以此2個milestone為警戒值. 
如果在這2個時間點沒有完成kick off和EVT打樣, 即對產品開發時程發出警戒.","產品開發時程遇到警戒值之action:
1.告知高階主管知悉開發狀況以及對策.
2.告知業務部門以利跟客戶溝通,並與客戶調整&更新送樣時程.",產品研發群主管、產品行銷處主管,4,4,16,4,4,16,降低,"1.逐漸建立完整研發團隊,充實研發產品動能及技術,降低因研發團隊資源不足而導致開發進度落後或失敗的風險.

2.與NAND控制器廠商成立合資公司(joint venture),凝聚雙方研發資源,更緊密合作專注於產品開發.",產品行銷(PM) / 產品研發(RD),"以2024年底開發產品完成的時程回推, 2024/6月需要進行kick off; 2024/9月需要完成EVT樣品, 可以此2個milestone為警戒值. 
如果在這2個時間點沒有完成kick off和EVT打樣, 即對產品開發時程發出警戒.","產品開發時程遇到警戒值之action:
1.告知高階主管知悉開發狀況以及對策.
2.告知業務部門以利跟客戶溝通,並與客戶調整&更新送樣時程.",,"部門：
可能性：4
影響：4

主責：
可能性：4
影響：4",16,"●各單位風險評估值調整：「可能性-各單位」可調整為4，「影響-各單位」可調整為4。
●主責單位風險評估值調整：「可能性-主責單位」可調整為4，「影響-主責單位」可調整為4。"
Margin Margin Margin x Profit Profit Profit,達成預算營業利益,採購資材群 吳宗庭(CHARLY),財會處,擬訂年度獲利目標,會計部-曾淑玲,營運風險,25,資本項目管理不善，影響部門費用控制。,25.1,"部門費用超限，無法有效管控

導致費用超限根因：
1.突發事項，未能編入預算中
2.與營收相關之費用(如呆帳準備、出口運費等)，因營收達成率變動致使費用預算失準
3.未編列資本支出預算，使折舊金額增加","1.每季檢討費用預算達成情形，針對超支科目提出異常報告。
2.未編列資本支出預算者，於實際發生時，須另行提出申請，且核准層級提高至總經理，藉以控管/降低費用超支情形發生",季累計費用預算達成率達130%,季累計費用預算達成率達150%,財會處主管,3,3,9,3,3,9,-,-,-,-,-,,,9,N/A
Margin Margin Margin x Profit Profit Profit,達成預算營業利益,採購資材群 吳宗庭(CHARLY),財會處,降低因通貨膨脹所增加之資金成本,財務部 趙文菁/葉鈱忻,財務風險,26,資金取得成本上升，影響獲利目標的實現。,26.1,金融當局採取貨幣緊縮政策，導致銀行縮減貸放給企業資金數量，造成公司資金成本上升，影響獲利目標。,"1/ 與銀行密切聯繫,充分掌握銀行資金貸放情況
2/評估其他籌資方式以降低過度依賴銀行資金及降低資金成本
3/密切注意銀行聯貸金融負債比率不超過170%",金融負債比率145%,金融負債比率達155%,財會處主管,3,5,15,4,5,20,降低/移轉,"降低：提升資金運用收益
轉移：1.現金增資，籌集自有資金以降低融資需求，進而減少因融資而產生的資金成本 
2.處分非核心資產產生現金流降低負債",財會處,金融負債比率145%,金融負債比率達155%,,,18,N/A
永續發展ESG政策遵循,減碳,人力資源處 李英豪(FRANCE),人力資源部、行政服務部,台北總公司(內湖加中和)、蘇州廠、巴西廠總碳排持平,ESG小組 鄭鈞巖,ESG永續風險,27,營運模式改變影響永續目標之達成，衝擊競爭力。,27.1,公司營運活動增加、營運模式調整，例如台北於2024年改為雙總部營運，直接導致減碳目標無法達成。,推動廠區太陽能發電、空調汰換、購買綠電憑證(巴西)等。,用電量(度)較去年增加10%,用電量(度)較去年增加20%,人力資源處主管,2,2,4,2,3,6,-,-,-,-,-,,營運目標碳排持平(不含範疇3)要再調整，→目前碳排結果是上升， 評分要再往上,5.2,"●營運單位目標調整：營運目標碳排持平(不含範疇3)要再調整
●風險係數值調整：目前碳排結果是上升，風險係數評分可再往上調整。"
,,,,,,,,,,,,,,,,,,,,,,,,,,,,,
,,,,,,,,,,,,,,,,,,,,,,,,,,,,,
,,,,,,,,,,,,,,,,,,,,,,,,,,,,,
,,,,,,,,,,,,,,,,,,,,,,,,,,,,,
,,,,,,,,,,,,,,,,,,,,,,,,,,,,,
,,,,,,,,,,,,,,,,,,,,,,,,,,,,,
,,,,,,,,,,,,,,,,,,,,,,,,,,,,,
,,,,,,,,,,,,,,,,,,,,,,,,,,,,,
,,,,,,,,,,,,,,,,,,,,,,,,,,,,,
,,,,,,,,,,,,,,,,,,,,,,,,,,,,,
,,,,,,,,,,,,,,,,,,,,,,,,,,,,,
,,,,,,,,,,,,,,,,,,,,,,,,,,,,,
,,,,,,,,,,,,,,,,,,,,,,,,,,,,,
,,,,,,,,,,,,,,,,,,,,,,,,,,,,,
,,,,,,,,,,,,,,,,,,,,,,,,,,,,,
,,,,,,,,,,,,,,,,,,,,,,,,,,,,,
,,,,,,,,,,,,,,,,,,,,,,,,,,,,,
,,,,,,,,,,,,,,,,,,,,,,,,,,,,,
,,,,,,,,,,,,,,,,,,,,,,,,,,,,,
,,,,,,,,,,,,,,,,,,,,,,,,,,,,,
,,,,,,,,,,,,,,,,,,,,,,,,,,,,,
,,,,,,,,,,,,,,,,,,,,,,,,,,,,,
,,,,,,,,,,,,,,,,,,,,,,,,,,,,,
,,,,,,,,,,,,,,,,,,,,,,,,,,,,,
,,,,,,,,,,,,,,,,,,,,,,,,,,,,,
,,,,,,,,,,,,,,,,,,,,,,,,,,,,,
,,,,,,,,,,,,,,,,,,,,,,,,,,,,,
,,,,,,,,,,,,,,,,,,,,,,,,,,,,,
,,,,,,,,,,,,,,,,,,,,,,,,,,,,,
,,,,,,,,,,,,,,,,,,,,,,,,,,,,,
,,,,,,,,,,,,,,,,,,,,,,,,,,,,,
,,,,,,,,,,,,,,,,,,,,,,,,,,,,,
,,,,,,,,,,,,,,,,,,,,,,,,,,,,,
,,,,,,,,,,,,,,,,,,,,,,,,,,,,,
,,,,,,,,,,,,,,,,,,,,,,,,,,,,,
,,,,,,,,,,,,,,,,,,,,,,,,,,,,,
,,,,,,,,,,,,,,,,,,,,,,,,,,,,,
,,,,,,,,,,,,,,,,,,,,,,,,,,,,,
,,,,,,,,,,,,,,,,,,,,,,,,,,,,,
,,,,,,,,,,,,,,,,,,,,,,,,,,,,,
,,,,,,,,,,,,,,,,,,,,,,,,,,,,,
,,,,,,,,,,,,,,,,,,,,,,,,,,,,,
,,,,,,,,,,,,,,,,,,,,,,,,,,,,,
,,,,,,,,,,,,,,,,,,,,,,,,,,,,,
,,,,,,,,,,,,,,,,,,,,,,,,,,,,,
,,,,,,,,,,,,,,,,,,,,,,,,,,,,,
,,,,,,,,,,,,,,,,,,,,,,,,,,,,,
,,,,,,,,,,,,,,,,,,,,,,,,,,,,,
,,,,,,,,,,,,,,,,,,,,,,,,,,,,,
,,,,,,,,,,,,,,,,,,,,,,,,,,,,,
,,,,,,,,,,,,,,,,,,,,,,,,,,,,,
,,,,,,,,,,,,,,,,,,,,,,,,,,,,,
,,,,,,,,,,,,,,,,,,,,,,,,,,,,,
,,,,,,,,,,,,,,,,,,,,,,,,,,,,,
,,,,,,,,,,,,,,,,,,,,,,,,,,,,,
,,,,,,,,,,,,,,,,,,,,,,,,,,,,,
,,,,,,,,,,,,,,,,,,,,,,,,,,,,,
,,,,,,,,,,,,,,,,,,,,,,,,,,,,,
,,,,,,,,,,,,,,,,,,,,,,,,,,,,,
,,,,,,,,,,,,,,,,,,,,,,,,,,,,,
,,,,,,,,,,,,,,,,,,,,,,,,,,,,,
,,,,,,,,,,,,,,,,,,,,,,,,,,,,,
,,,,,,,,,,,,,,,,,,,,,,,,,,,,,
,,,,,,,,,,,,,,,,,,,,,,,,,,,,,
,,,,,,,,,,,,,,,,,,,,,,,,,,,,,
,,,,,,,,,,,,,,,,,,,,,,,,,,,,,
,,,,,,,,,,,,,,,,,,,,,,,,,,,,,
,,,,,,,,,,,,,,,,,,,,,,,,,,,,,
,,,,,,,,,,,,,,,,,,,,,,,,,,,,,
,,,,,,,,,,,,,,,,,,,,,,,,,,,,,
,,,,,,,,,,,,,,,,,,,,,,,,,,,,,
,,,,,,,,,,,,,,,,,,,,,,,,,,,,,
,,,,,,,,,,,,,,,,,,,,,,,,,,,,,
,,,,,,,,,,,,,,,,,,,,,,,,,,,,,
,,,,,,,,,,,,,,,,,,,,,,,,,,,,,
,,,,,,,,,,,,,,,,,,,,,,,,,,,,,
,,,,,,,,,,,,,,,,,,,,,,,,,,,,,
,,,,,,,,,,,,,,,,,,,,,,,,,,,,,
,,,,,,,,,,,,,,,,,,,,,,,,,,,,,
,,,,,,,,,,,,,,,,,,,,,,,,,,,,,
,,,,,,,,,,,,,,,,,,,,,,,,,,,,,
,,,,,,,,,,,,,,,,,,,,,,,,,,,,,
,,,,,,,,,,,,,,,,,,,,,,,,,,,,,
,,,,,,,,,,,,,,,,,,,,,,,,,,,,,
,,,,,,,,,,,,,,,,,,,,,,,,,,,,,
,,,,,,,,,,,,,,,,,,,,,,,,,,,,,
,,,,,,,,,,,,,,,,,,,,,,,,,,,,,
,,,,,,,,,,,,,,,,,,,,,,,,,,,,,
,,,,,,,,,,,,,,,,,,,,,,,,,,,,,
,,,,,,,,,,,,,,,,,,,,,,,,,,,,,
,,,,,,,,,,,,,,,,,,,,,,,,,,,,,
,,,,,,,,,,,,,,,,,,,,,,,,,,,,,
,,,,,,,,,,,,,,,,,,,,,,,,,,,,,
,,,,,,,,,,,,,,,,,,,,,,,,,,,,,
,,,,,,,,,,,,,,,,,,,,,,,,,,,,,
,,,,,,,,,,,,,,,,,,,,,,,,,,,,,
,,,,,,,,,,,,,,,,,,,,,,,,,,,,,
,,,,,,,,,,,,,,,,,,,,,,,,,,,,,
,,,,,,,,,,,,,,,,,,,,,,,,,,,,,
,,,,,,,,,,,,,,,,,,,,,,,,,,,,,
,,,,,,,,,,,,,,,,,,,,,,,,,,,,,
,,,,,,,,,,,,,,,,,,,,,,,,,,,,,
,,,,,,,,,,,,,,,,,,,,,,,,,,,,,
,,,,,,,,,,,,,,,,,,,,,,,,,,,,,
,,,,,,,,,,,,,,,,,,,,,,,,,,,,,
,,,,,,,,,,,,,,,,,,,,,,,,,,,,,
,,,,,,,,,,,,,,,,,,,,,,,,,,,,,
,,,,,,,,,,,,,,,,,,,,,,,,,,,,,
,,,,,,,,,,,,,,,,,,,,,,,,,,,,,
,,,,,,,,,,,,,,,,,,,,,,,,,,,,,
,,,,,,,,,,,,,,,,,,,,,,,,,,,,,
,,,,,,,,,,,,,,,,,,,,,,,,,,,,,
,,,,,,,,,,,,,,,,,,,,,,,,,,,,,
,,,,,,,,,,,,,,,,,,,,,,,,,,,,,
,,,,,,,,,,,,,,,,,,,,,,,,,,,,,
,,,,,,,,,,,,,,,,,,,,,,,,,,,,,
,,,,,,,,,,,,,,,,,,,,,,,,,,,,,
,,,,,,,,,,,,,,,,,,,,,,,,,,,,,
,,,,,,,,,,,,,,,,,,,,,,,,,,,,,
,,,,,,,,,,,,,,,,,,,,,,,,,,,,,
,,,,,,,,,,,,,,,,,,,,,,,,,,,,,
,,,,,,,,,,,,,,,,,,,,,,,,,,,,,
,,,,,,,,,,,,,,,,,,,,,,,,,,,,,
,,,,,,,,,,,,,,,,,,,,,,,,,,,,,
,,,,,,,,,,,,,,,,,,,,,,,,,,,,,
,,,,,,,,,,,,,,,,,,,,,,,,,,,,,
,,,,,,,,,,,,,,,,,,,,,,,,,,,,,
,,,,,,,,,,,,,,,,,,,,,,,,,,,,,
,,,,,,,,,,,,,,,,,,,,,,,,,,,,,
,,,,,,,,,,,,,,,,,,,,,,,,,,,,,
,,,,,,,,,,,,,,,,,,,,,,,,,,,,,
,,,,,,,,,,,,,,,,,,,,,,,,,,,,,
,,,,,,,,,,,,,,,,,,,,,,,,,,,,,
,,,,,,,,,,,,,,,,,,,,,,,,,,,,,
,,,,,,,,,,,,,,,,,,,,,,,,,,,,,
,,,,,,,,,,,,,,,,,,,,,,,,,,,,,
,,,,,,,,,,,,,,,,,,,,,,,,,,,,,
,,,,,,,,,,,,,,,,,,,,,,,,,,,,,
,,,,,,,,,,,,,,,,,,,,,,,,,,,,,
,,,,,,,,,,,,,,,,,,,,,,,,,,,,,
,,,,,,,,,,,,,,,,,,,,,,,,,,,,,
,,,,,,,,,,,,,,,,,,,,,,,,,,,,,
,,,,,,,,,,,,,,,,,,,,,,,,,,,,,
,,,,,,,,,,,,,,,,,,,,,,,,,,,,,
,,,,,,,,,,,,,,,,,,,,,,,,,,,,,
,,,,,,,,,,,,,,,,,,,,,,,,,,,,,
,,,,,,,,,,,,,,,,,,,,,,,,,,,,,
,,,,,,,,,,,,,,,,,,,,,,,,,,,,,
,,,,,,,,,,,,,,,,,,,,,,,,,,,,,
,,,,,,,,,,,,,,,,,,,,,,,,,,,,,
,,,,,,,,,,,,,,,,,,,,,,,,,,,,,
,,,,,,,,,,,,,,,,,,,,,,,,,,,,,
,,,,,,,,,,,,,,,,,,,,,,,,,,,,,
,,,,,,,,,,,,,,,,,,,,,,,,,,,,,
,,,,,,,,,,,,,,,,,,,,,,,,,,,,,
,,,,,,,,,,,,,,,,,,,,,,,,,,,,,
,,,,,,,,,,,,,,,,,,,,,,,,,,,,,
,,,,,,,,,,,,,,,,,,,,,,,,,,,,,
,,,,,,,,,,,,,,,,,,,,,,,,,,,,,
,,,,,,,,,,,,,,,,,,,,,,,,,,,,,
,,,,,,,,,,,,,,,,,,,,,,,,,,,,,
,,,,,,,,,,,,,,,,,,,,,,,,,,,,,
,,,,,,,,,,,,,,,,,,,,,,,,,,,,,
,,,,,,,,,,,,,,,,,,,,,,,,,,,,,
,,,,,,,,,,,,,,,,,,,,,,,,,,,,,
,,,,,,,,,,,,,,,,,,,,,,,,,,,,,
,,,,,,,,,,,,,,,,,,,,,,,,,,,,,
,,,,,,,,,,,,,,,,,,,,,,,,,,,,,
,,,,,,,,,,,,,,,,,,,,,,,,,,,,,
,,,,,,,,,,,,,,,,,,,,,,,,,,,,,
,,,,,,,,,,,,,,,,,,,,,,,,,,,,,
,,,,,,,,,,,,,,,,,,,,,,,,,,,,,
,,,,,,,,,,,,,,,,,,,,,,,,,,,,,
,,,,,,,,,,,,,,,,,,,,,,,,,,,,,
,,,,,,,,,,,,,,,,,,,,,,,,,,,,,
,,,,,,,,,,,,,,,,,,,,,,,,,,,,,
,,,,,,,,,,,,,,,,,,,,,,,,,,,,,
,,,,,,,,,,,,,,,,,,,,,,,,,,,,,
,,,,,,,,,,,,,,,,,,,,,,,,,,,,,
,,,,,,,,,,,,,,,,,,,,,,,,,,,,,
,,,,,,,,,,,,,,,,,,,,,,,,,,,,,
,,,,,,,,,,,,,,,,,,,,,,,,,,,,,
,,,,,,,,,,,,,,,,,,,,,,,,,,,,,
,,,,,,,,,,,,,,,,,,,,,,,,,,,,,
,,,,,,,,,,,,,,,,,,,,,,,,,,,,,
,,,,,,,,,,,,,,,,,,,,,,,,,,,,,
,,,,,,,,,,,,,,,,,,,,,,,,,,,,,
,,,,,,,,,,,,,,,,,,,,,,,,,,,,,
,,,,,,,,,,,,,,,,,,,,,,,,,,,,,
,,,,,,,,,,,,,,,,,,,,,,,,,,,,,
,,,,,,,,,,,,,,,,,,,,,,,,,,,,,
,,,,,,,,,,,,,,,,,,,,,,,,,,,,,
,,,,,,,,,,,,,,,,,,,,,,,,,,,,,
,,,,,,,,,,,,,,,,,,,,,,,,,,,,,
,,,,,,,,,,,,,,,,,,,,,,,,,,,,,
,,,,,,,,,,,,,,,,,,,,,,,,,,,,,
,,,,,,,,,,,,,,,,,,,,,,,,,,,,,
,,,,,,,,,,,,,,,,,,,,,,,,,,,,,
,,,,,,,,,,,,,,,,,,,,,,,,,,,,,
,,,,,,,,,,,,,,,,,,,,,,,,,,,,,
,,,,,,,,,,,,,,,,,,,,,,,,,,,,,
,,,,,,,,,,,,,,,,,,,,,,,,,,,,,
,,,,,,,,,,,,,,,,,,,,,,,,,,,,,
,,,,,,,,,,,,,,,,,,,,,,,,,,,,,
,,,,,,,,,,,,,,,,,,,,,,,,,,,,,
,,,,,,,,,,,,,,,,,,,,,,,,,,,,,
,,,,,,,,,,,,,,,,,,,,,,,,,,,,,
,,,,,,,,,,,,,,,,,,,,,,,,,,,,,
,,,,,,,,,,,,,,,,,,,,,,,,,,,,,
,,,,,,,,,,,,,,,,,,,,,,,,,,,,,
,,,,,,,,,,,,,,,,,,,,,,,,,,,,,
,,,,,,,,,,,,,,,,,,,,,,,,,,,,,
,,,,,,,,,,,,,,,,,,,,,,,,,,,,,
,,,,,,,,,,,,,,,,,,,,,,,,,,,,,
,,,,,,,,,,,,,,,,,,,,,,,,,,,,,
,,,,,,,,,,,,,,,,,,,,,,,,,,,,,
,,,,,,,,,,,,,,,,,,,,,,,,,,,,,
,,,,,,,,,,,,,,,,,,,,,,,,,,,,,
,,,,,,,,,,,,,,,,,,,,,,,,,,,,,
,,,,,,,,,,,,,,,,,,,,,,,,,,,,,
,,,,,,,,,,,,,,,,,,,,,,,,,,,,,
,,,,,,,,,,,,,,,,,,,,,,,,,,,,,
,,,,,,,,,,,,,,,,,,,,,,,,,,,,,
,,,,,,,,,,,,,,,,,,,,,,,,,,,,,
,,,,,,,,,,,,,,,,,,,,,,,,,,,,,
,,,,,,,,,,,,,,,,,,,,,,,,,,,,,
,,,,,,,,,,,,,,,,,,,,,,,,,,,,,
,,,,,,,,,,,,,,,,,,,,,,,,,,,,,
,,,,,,,,,,,,,,,,,,,,,,,,,,,,,
,,,,,,,,,,,,,,,,,,,,,,,,,,,,,
,,,,,,,,,,,,,,,,,,,,,,,,,,,,,
,,,,,,,,,,,,,,,,,,,,,,,,,,,,,
,,,,,,,,,,,,,,,,,,,,,,,,,,,,,
,,,,,,,,,,,,,,,,,,,,,,,,,,,,,
,,,,,,,,,,,,,,,,,,,,,,,,,,,,,
,,,,,,,,,,,,,,,,,,,,,,,,,,,,,
,,,,,,,,,,,,,,,,,,,,,,,,,,,,,
,,,,,,,,,,,,,,,,,,,,,,,,,,,,,
,,,,,,,,,,,,,,,,,,,,,,,,,,,,,
,,,,,,,,,,,,,,,,,,,,,,,,,,,,,
,,,,,,,,,,,,,,,,,,,,,,,,,,,,,
,,,,,,,,,,,,,,,,,,,,,,,,,,,,,
,,,,,,,,,,,,,,,,,,,,,,,,,,,,,
,,,,,,,,,,,,,,,,,,,,,,,,,,,,,
,,,,,,,,,,,,,,,,,,,,,,,,,,,,,
,,,,,,,,,,,,,,,,,,,,,,,,,,,,,
,,,,,,,,,,,,,,,,,,,,,,,,,,,,,
,,,,,,,,,,,,,,,,,,,,,,,,,,,,,
,,,,,,,,,,,,,,,,,,,,,,,,,,,,,
,,,,,,,,,,,,,,,,,,,,,,,,,,,,,
,,,,,,,,,,,,,,,,,,,,,,,,,,,,,
,,,,,,,,,,,,,,,,,,,,,,,,,,,,,
,,,,,,,,,,,,,,,,,,,,,,,,,,,,,
,,,,,,,,,,,,,,,,,,,,,,,,,,,,,
,,,,,,,,,,,,,,,,,,,,,,,,,,,,,
,,,,,,,,,,,,,,,,,,,,,,,,,,,,,
,,,,,,,,,,,,,,,,,,,,,,,,,,,,,
,,,,,,,,,,,,,,,,,,,,,,,,,,,,,
,,,,,,,,,,,,,,,,,,,,,,,,,,,,,
,,,,,,,,,,,,,,,,,,,,,,,,,,,,,
,,,,,,,,,,,,,,,,,,,,,,,,,,,,,
,,,,,,,,,,,,,,,,,,,,,,,,,,,,,
,,,,,,,,,,,,,,,,,,,,,,,,,,,,,
,,,,,,,,,,,,,,,,,,,,,,,,,,,,,
,,,,,,,,,,,,,,,,,,,,,,,,,,,,,
,,,,,,,,,,,,,,,,,,,,,,,,,,,,,
,,,,,,,,,,,,,,,,,,,,,,,,,,,,,
,,,,,,,,,,,,,,,,,,,,,,,,,,,,,
,,,,,,,,,,,,,,,,,,,,,,,,,,,,,
,,,,,,,,,,,,,,,,,,,,,,,,,,,,,
,,,,,,,,,,,,,,,,,,,,,,,,,,,,,
,,,,,,,,,,,,,,,,,,,,,,,,,,,,,
,,,,,,,,,,,,,,,,,,,,,,,,,,,,,
,,,,,,,,,,,,,,,,,,,,,,,,,,,,,
,,,,,,,,,,,,,,,,,,,,,,,,,,,,,
,,,,,,,,,,,,,,,,,,,,,,,,,,,,,
,,,,,,,,,,,,,,,,,,,,,,,,,,,,,
,,,,,,,,,,,,,,,,,,,,,,,,,,,,,
,,,,,,,,,,,,,,,,,,,,,,,,,,,,,
,,,,,,,,,,,,,,,,,,,,,,,,,,,,,
,,,,,,,,,,,,,,,,,,,,,,,,,,,,,
,,,,,,,,,,,,,,,,,,,,,,,,,,,,,
,,,,,,,,,,,,,,,,,,,,,,,,,,,,,
,,,,,,,,,,,,,,,,,,,,,,,,,,,,,
,,,,,,,,,,,,,,,,,,,,,,,,,,,,,
,,,,,,,,,,,,,,,,,,,,,,,,,,,,,
,,,,,,,,,,,,,,,,,,,,,,,,,,,,,
,,,,,,,,,,,,,,,,,,,,,,,,,,,,,
,,,,,,,,,,,,,,,,,,,,,,,,,,,,,
,,,,,,,,,,,,,,,,,,,,,,,,,,,,,
,,,,,,,,,,,,,,,,,,,,,,,,,,,,,
,,,,,,,,,,,,,,,,,,,,,,,,,,,,,
,,,,,,,,,,,,,,,,,,,,,,,,,,,,,
,,,,,,,,,,,,,,,,,,,,,,,,,,,,,
,,,,,,,,,,,,,,,,,,,,,,,,,,,,,
,,,,,,,,,,,,,,,,,,,,,,,,,,,,,
,,,,,,,,,,,,,,,,,,,,,,,,,,,,,
,,,,,,,,,,,,,,,,,,,,,,,,,,,,,
,,,,,,,,,,,,,,,,,,,,,,,,,,,,,
,,,,,,,,,,,,,,,,,,,,,,,,,,,,,
,,,,,,,,,,,,,,,,,,,,,,,,,,,,,
,,,,,,,,,,,,,,,,,,,,,,,,,,,,,
,,,,,,,,,,,,,,,,,,,,,,,,,,,,,
,,,,,,,,,,,,,,,,,,,,,,,,,,,,,
,,,,,,,,,,,,,,,,,,,,,,,,,,,,,
,,,,,,,,,,,,,,,,,,,,,,,,,,,,,
,,,,,,,,,,,,,,,,,,,,,,,,,,,,,
,,,,,,,,,,,,,,,,,,,,,,,,,,,,,
,,,,,,,,,,,,,,,,,,,,,,,,,,,,,
,,,,,,,,,,,,,,,,,,,,,,,,,,,,,
,,,,,,,,,,,,,,,,,,,,,,,,,,,,,
,,,,,,,,,,,,,,,,,,,,,,,,,,,,,
,,,,,,,,,,,,,,,,,,,,,,,,,,,,,
,,,,,,,,,,,,,,,,,,,,,,,,,,,,,
,,,,,,,,,,,,,,,,,,,,,,,,,,,,,
,,,,,,,,,,,,,,,,,,,,,,,,,,,,,
,,,,,,,,,,,,,,,,,,,,,,,,,,,,,
,,,,,,,,,,,,,,,,,,,,,,,,,,,,,
,,,,,,,,,,,,,,,,,,,,,,,,,,,,,
,,,,,,,,,,,,,,,,,,,,,,,,,,,,,
,,,,,,,,,,,,,,,,,,,,,,,,,,,,,
,,,,,,,,,,,,,,,,,,,,,,,,,,,,,
,,,,,,,,,,,,,,,,,,,,,,,,,,,,,
,,,,,,,,,,,,,,,,,,,,,,,,,,,,,
,,,,,,,,,,,,,,,,,,,,,,,,,,,,,
,,,,,,,,,,,,,,,,,,,,,,,,,,,,,
,,,,,,,,,,,,,,,,,,,,,,,,,,,,,
,,,,,,,,,,,,,,,,,,,,,,,,,,,,,
,,,,,,,,,,,,,,,,,,,,,,,,,,,,,
,,,,,,,,,,,,,,,,,,,,,,,,,,,,,
,,,,,,,,,,,,,,,,,,,,,,,,,,,,,
,,,,,,,,,,,,,,,,,,,,,,,,,,,,,
,,,,,,,,,,,,,,,,,,,,,,,,,,,,,
,,,,,,,,,,,,,,,,,,,,,,,,,,,,,
,,,,,,,,,,,,,,,,,,,,,,,,,,,,,
,,,,,,,,,,,,,,,,,,,,,,,,,,,,,
,,,,,,,,,,,,,,,,,,,,,,,,,,,,,
,,,,,,,,,,,,,,,,,,,,,,,,,,,,,
,,,,,,,,,,,,,,,,,,,,,,,,,,,,,
,,,,,,,,,,,,,,,,,,,,,,,,,,,,,
,,,,,,,,,,,,,,,,,,,,,,,,,,,,,
,,,,,,,,,,,,,,,,,,,,,,,,,,,,,
,,,,,,,,,,,,,,,,,,,,,,,,,,,,,
,,,,,,,,,,,,,,,,,,,,,,,,,,,,,
,,,,,,,,,,,,,,,,,,,,,,,,,,,,,
,,,,,,,,,,,,,,,,,,,,,,,,,,,,,
,,,,,,,,,,,,,,,,,,,,,,,,,,,,,
,,,,,,,,,,,,,,,,,,,,,,,,,,,,,
,,,,,,,,,,,,,,,,,,,,,,,,,,,,,
,,,,,,,,,,,,,,,,,,,,,,,,,,,,,
,,,,,,,,,,,,,,,,,,,,,,,,,,,,,
,,,,,,,,,,,,,,,,,,,,,,,,,,,,,
,,,,,,,,,,,,,,,,,,,,,,,,,,,,,
,,,,,,,,,,,,,,,,,,,,,,,,,,,,,
,,,,,,,,,,,,,,,,,,,,,,,,,,,,,
,,,,,,,,,,,,,,,,,,,,,,,,,,,,,
,,,,,,,,,,,,,,,,,,,,,,,,,,,,,
,,,,,,,,,,,,,,,,,,,,,,,,,,,,,
,,,,,,,,,,,,,,,,,,,,,,,,,,,,,
,,,,,,,,,,,,,,,,,,,,,,,,,,,,,
,,,,,,,,,,,,,,,,,,,,,,,,,,,,,
,,,,,,,,,,,,,,,,,,,,,,,,,,,,,
,,,,,,,,,,,,,,,,,,,,,,,,,,,,,
,,,,,,,,,,,,,,,,,,,,,,,,,,,,,
,,,,,,,,,,,,,,,,,,,,,,,,,,,,,
,,,,,,,,,,,,,,,,,,,,,,,,,,,,,
,,,,,,,,,,,,,,,,,,,,,,,,,,,,,
,,,,,,,,,,,,,,,,,,,,,,,,,,,,,
,,,,,,,,,,,,,,,,,,,,,,,,,,,,,
,,,,,,,,,,,,,,,,,,,,,,,,,,,,,
,,,,,,,,,,,,,,,,,,,,,,,,,,,,,
,,,,,,,,,,,,,,,,,,,,,,,,,,,,,
,,,,,,,,,,,,,,,,,,,,,,,,,,,,,
,,,,,,,,,,,,,,,,,,,,,,,,,,,,,
,,,,,,,,,,,,,,,,,,,,,,,,,,,,,
,,,,,,,,,,,,,,,,,,,,,,,,,,,,,
,,,,,,,,,,,,,,,,,,,,,,,,,,,,,
,,,,,,,,,,,,,,,,,,,,,,,,,,,,,
,,,,,,,,,,,,,,,,,,,,,,,,,,,,,
,,,,,,,,,,,,,,,,,,,,,,,,,,,,,
,,,,,,,,,,,,,,,,,,,,,,,,,,,,,
,,,,,,,,,,,,,,,,,,,,,,,,,,,,,
,,,,,,,,,,,,,,,,,,,,,,,,,,,,,
,,,,,,,,,,,,,,,,,,,,,,,,,,,,,
,,,,,,,,,,,,,,,,,,,,,,,,,,,,,
,,,,,,,,,,,,,,,,,,,,,,,,,,,,,
,,,,,,,,,,,,,,,,,,,,,,,,,,,,,
,,,,,,,,,,,,,,,,,,,,,,,,,,,,,
,,,,,,,,,,,,,,,,,,,,,,,,,,,,,
,,,,,,,,,,,,,,,,,,,,,,,,,,,,,
,,,,,,,,,,,,,,,,,,,,,,,,,,,,,
,,,,,,,,,,,,,,,,,,,,,,,,,,,,,
,,,,,,,,,,,,,,,,,,,,,,,,,,,,,
,,,,,,,,,,,,,,,,,,,,,,,,,,,,,
,,,,,,,,,,,,,,,,,,,,,,,,,,,,,
,,,,,,,,,,,,,,,,,,,,,,,,,,,,,
,,,,,,,,,,,,,,,,,,,,,,,,,,,,,
,,,,,,,,,,,,,,,,,,,,,,,,,,,,,
,,,,,,,,,,,,,,,,,,,,,,,,,,,,,
,,,,,,,,,,,,,,,,,,,,,,,,,,,,,
,,,,,,,,,,,,,,,,,,,,,,,,,,,,,
,,,,,,,,,,,,,,,,,,,,,,,,,,,,,
,,,,,,,,,,,,,,,,,,,,,,,,,,,,,
,,,,,,,,,,,,,,,,,,,,,,,,,,,,,
,,,,,,,,,,,,,,,,,,,,,,,,,,,,,
,,,,,,,,,,,,,,,,,,,,,,,,,,,,,
,,,,,,,,,,,,,,,,,,,,,,,,,,,,,
,,,,,,,,,,,,,,,,,,,,,,,,,,,,,
,,,,,,,,,,,,,,,,,,,,,,,,,,,,,
,,,,,,,,,,,,,,,,,,,,,,,,,,,,,
,,,,,,,,,,,,,,,,,,,,,,,,,,,,,
,,,,,,,,,,,,,,,,,,,,,,,,,,,,,
,,,,,,,,,,,,,,,,,,,,,,,,,,,,,
,,,,,,,,,,,,,,,,,,,,,,,,,,,,,
,,,,,,,,,,,,,,,,,,,,,,,,,,,,,
,,,,,,,,,,,,,,,,,,,,,,,,,,,,,
,,,,,,,,,,,,,,,,,,,,,,,,,,,,,
,,,,,,,,,,,,,,,,,,,,,,,,,,,,,
,,,,,,,,,,,,,,,,,,,,,,,,,,,,,
,,,,,,,,,,,,,,,,,,,,,,,,,,,,,
,,,,,,,,,,,,,,,,,,,,,,,,,,,,,
,,,,,,,,,,,,,,,,,,,,,,,,,,,,,
,,,,,,,,,,,,,,,,,,,,,,,,,,,,,
,,,,,,,,,,,,,,,,,,,,,,,,,,,,,
,,,,,,,,,,,,,,,,,,,,,,,,,,,,,
,,,,,,,,,,,,,,,,,,,,,,,,,,,,,
,,,,,,,,,,,,,,,,,,,,,,,,,,,,,
,,,,,,,,,,,,,,,,,,,,,,,,,,,,,
,,,,,,,,,,,,,,,,,,,,,,,,,,,,,
,,,,,,,,,,,,,,,,,,,,,,,,,,,,,
,,,,,,,,,,,,,,,,,,,,,,,,,,,,,
,,,,,,,,,,,,,,,,,,,,,,,,,,,,,
,,,,,,,,,,,,,,,,,,,,,,,,,,,,,
,,,,,,,,,,,,,,,,,,,,,,,,,,,,,
,,,,,,,,,,,,,,,,,,,,,,,,,,,,,
,,,,,,,,,,,,,,,,,,,,,,,,,,,,,
,,,,,,,,,,,,,,,,,,,,,,,,,,,,,
,,,,,,,,,,,,,,,,,,,,,,,,,,,,,
,,,,,,,,,,,,,,,,,,,,,,,,,,,,,
,,,,,,,,,,,,,,,,,,,,,,,,,,,,,
,,,,,,,,,,,,,,,,,,,,,,,,,,,,,
,,,,,,,,,,,,,,,,,,,,,,,,,,,,,
,,,,,,,,,,,,,,,,,,,,,,,,,,,,,
,,,,,,,,,,,,,,,,,,,,,,,,,,,,,
,,,,,,,,,,,,,,,,,,,,,,,,,,,,,
,,,,,,,,,,,,,,,,,,,,,,,,,,,,,
,,,,,,,,,,,,,,,,,,,,,,,,,,,,,
,,,,,,,,,,,,,,,,,,,,,,,,,,,,,
,,,,,,,,,,,,,,,,,,,,,,,,,,,,,
,,,,,,,,,,,,,,,,,,,,,,,,,,,,,
,,,,,,,,,,,,,,,,,,,,,,,,,,,,,
,,,,,,,,,,,,,,,,,,,,,,,,,,,,,
,,,,,,,,,,,,,,,,,,,,,,,,,,,,,
,,,,,,,,,,,,,,,,,,,,,,,,,,,,,
,,,,,,,,,,,,,,,,,,,,,,,,,,,,,
,,,,,,,,,,,,,,,,,,,,,,,,,,,,,
,,,,,,,,,,,,,,,,,,,,,,,,,,,,,
,,,,,,,,,,,,,,,,,,,,,,,,,,,,,
,,,,,,,,,,,,,,,,,,,,,,,,,,,,,
,,,,,,,,,,,,,,,,,,,,,,,,,,,,,
,,,,,,,,,,,,,,,,,,,,,,,,,,,,,
,,,,,,,,,,,,,,,,,,,,,,,,,,,,,
,,,,,,,,,,,,,,,,,,,,,,,,,,,,,
,,,,,,,,,,,,,,,,,,,,,,,,,,,,,
,,,,,,,,,,,,,,,,,,,,,,,,,,,,,
,,,,,,,,,,,,,,,,,,,,,,,,,,,,,
,,,,,,,,,,,,,,,,,,,,,,,,,,,,,
,,,,,,,,,,,,,,,,,,,,,,,,,,,,,
,,,,,,,,,,,,,,,,,,,,,,,,,,,,,
,,,,,,,,,,,,,,,,,,,,,,,,,,,,,
,,,,,,,,,,,,,,,,,,,,,,,,,,,,,
,,,,,,,,,,,,,,,,,,,,,,,,,,,,,
,,,,,,,,,,,,,,,,,,,,,,,,,,,,,
,,,,,,,,,,,,,,,,,,,,,,,,,,,,,
,,,,,,,,,,,,,,,,,,,,,,,,,,,,,
,,,,,,,,,,,,,,,,,,,,,,,,,,,,,
,,,,,,,,,,,,,,,,,,,,,,,,,,,,,
,,,,,,,,,,,,,,,,,,,,,,,,,,,,,
,,,,,,,,,,,,,,,,,,,,,,,,,,,,,
,,,,,,,,,,,,,,,,,,,,,,,,,,,,,
,,,,,,,,,,,,,,,,,,,,,,,,,,,,,
,,,,,,,,,,,,,,,,,,,,,,,,,,,,,
,,,,,,,,,,,,,,,,,,,,,,,,,,,,,
,,,,,,,,,,,,,,,,,,,,,,,,,,,,,
,,,,,,,,,,,,,,,,,,,,,,,,,,,,,
,,,,,,,,,,,,,,,,,,,,,,,,,,,,,
,,,,,,,,,,,,,,,,,,,,,,,,,,,,,
,,,,,,,,,,,,,,,,,,,,,,,,,,,,,
,,,,,,,,,,,,,,,,,,,,,,,,,,,,,
,,,,,,,,,,,,,,,,,,,,,,,,,,,,,
,,,,,,,,,,,,,,,,,,,,,,,,,,,,,
,,,,,,,,,,,,,,,,,,,,,,,,,,,,,
,,,,,,,,,,,,,,,,,,,,,,,,,,,,,
,,,,,,,,,,,,,,,,,,,,,,,,,,,,,
,,,,,,,,,,,,,,,,,,,,,,,,,,,,,
,,,,,,,,,,,,,,,,,,,,,,,,,,,,,
,,,,,,,,,,,,,,,,,,,,,,,,,,,,,
,,,,,,,,,,,,,,,,,,,,,,,,,,,,,
,,,,,,,,,,,,,,,,,,,,,,,,,,,,,
,,,,,,,,,,,,,,,,,,,,,,,,,,,,,
,,,,,,,,,,,,,,,,,,,,,,,,,,,,,
,,,,,,,,,,,,,,,,,,,,,,,,,,,,,
,,,,,,,,,,,,,,,,,,,,,,,,,,,,,
,,,,,,,,,,,,,,,,,,,,,,,,,,,,,
,,,,,,,,,,,,,,,,,,,,,,,,,,,,,
,,,,,,,,,,,,,,,,,,,,,,,,,,,,,
,,,,,,,,,,,,,,,,,,,,,,,,,,,,,
,,,,,,,,,,,,,,,,,,,,,,,,,,,,,
,,,,,,,,,,,,,,,,,,,,,,,,,,,,,
,,,,,,,,,,,,,,,,,,,,,,,,,,,,,
,,,,,,,,,,,,,,,,,,,,,,,,,,,,,
,,,,,,,,,,,,,,,,,,,,,,,,,,,,,
,,,,,,,,,,,,,,,,,,,,,,,,,,,,,
,,,,,,,,,,,,,,,,,,,,,,,,,,,,,
,,,,,,,,,,,,,,,,,,,,,,,,,,,,,
,,,,,,,,,,,,,,,,,,,,,,,,,,,,,
,,,,,,,,,,,,,,,,,,,,,,,,,,,,,
,,,,,,,,,,,,,,,,,,,,,,,,,,,,,
,,,,,,,,,,,,,,,,,,,,,,,,,,,,,
,,,,,,,,,,,,,,,,,,,,,,,,,,,,,
,,,,,,,,,,,,,,,,,,,,,,,,,,,,,
,,,,,,,,,,,,,,,,,,,,,,,,,,,,,
,,,,,,,,,,,,,,,,,,,,,,,,,,,,,
,,,,,,,,,,,,,,,,,,,,,,,,,,,,,
,,,,,,,,,,,,,,,,,,,,,,,,,,,,,
,,,,,,,,,,,,,,,,,,,,,,,,,,,,,
,,,,,,,,,,,,,,,,,,,,,,,,,,,,,
,,,,,,,,,,,,,,,,,,,,,,,,,,,,,
,,,,,,,,,,,,,,,,,,,,,,,,,,,,,
,,,,,,,,,,,,,,,,,,,,,,,,,,,,,
,,,,,,,,,,,,,,,,,,,,,,,,,,,,,
,,,,,,,,,,,,,,,,,,,,,,,,,,,,,
,,,,,,,,,,,,,,,,,,,,,,,,,,,,,
,,,,,,,,,,,,,,,,,,,,,,,,,,,,,
,,,,,,,,,,,,,,,,,,,,,,,,,,,,,
,,,,,,,,,,,,,,,,,,,,,,,,,,,,,
,,,,,,,,,,,,,,,,,,,,,,,,,,,,,
,,,,,,,,,,,,,,,,,,,,,,,,,,,,,
,,,,,,,,,,,,,,,,,,,,,,,,,,,,,
,,,,,,,,,,,,,,,,,,,,,,,,,,,,,
,,,,,,,,,,,,,,,,,,,,,,,,,,,,,
,,,,,,,,,,,,,,,,,,,,,,,,,,,,,
,,,,,,,,,,,,,,,,,,,,,,,,,,,,,
,,,,,,,,,,,,,,,,,,,,,,,,,,,,,
,,,,,,,,,,,,,,,,,,,,,,,,,,,,,
,,,,,,,,,,,,,,,,,,,,,,,,,,,,,
,,,,,,,,,,,,,,,,,,,,,,,,,,,,,
,,,,,,,,,,,,,,,,,,,,,,,,,,,,,
,,,,,,,,,,,,,,,,,,,,,,,,,,,,,
,,,,,,,,,,,,,,,,,,,,,,,,,,,,,
,,,,,,,,,,,,,,,,,,,,,,,,,,,,,
,,,,,,,,,,,,,,,,,,,,,,,,,,,,,
,,,,,,,,,,,,,,,,,,,,,,,,,,,,,
,,,,,,,,,,,,,,,,,,,,,,,,,,,,,
,,,,,,,,,,,,,,,,,,,,,,,,,,,,,
,,,,,,,,,,,,,,,,,,,,,,,,,,,,,
,,,,,,,,,,,,,,,,,,,,,,,,,,,,,
,,,,,,,,,,,,,,,,,,,,,,,,,,,,,
,,,,,,,,,,,,,,,,,,,,,,,,,,,,,
,,,,,,,,,,,,,,,,,,,,,,,,,,,,,
,,,,,,,,,,,,,,,,,,,,,,,,,,,,,
,,,,,,,,,,,,,,,,,,,,,,,,,,,,,
,,,,,,,,,,,,,,,,,,,,,,,,,,,,,
,,,,,,,,,,,,,,,,,,,,,,,,,,,,,
,,,,,,,,,,,,,,,,,,,,,,,,,,,,,
,,,,,,,,,,,,,,,,,,,,,,,,,,,,,
,,,,,,,,,,,,,,,,,,,,,,,,,,,,,
,,,,,,,,,,,,,,,,,,,,,,,,,,,,,
,,,,,,,,,,,,,,,,,,,,,,,,,,,,,
,,,,,,,,,,,,,,,,,,,,,,,,,,,,,
,,,,,,,,,,,,,,,,,,,,,,,,,,,,,
,,,,,,,,,,,,,,,,,,,,,,,,,,,,,
,,,,,,,,,,,,,,,,,,,,,,,,,,,,,
,,,,,,,,,,,,,,,,,,,,,,,,,,,,,
,,,,,,,,,,,,,,,,,,,,,,,,,,,,,
,,,,,,,,,,,,,,,,,,,,,,,,,,,,,
,,,,,,,,,,,,,,,,,,,,,,,,,,,,,
,,,,,,,,,,,,,,,,,,,,,,,,,,,,,
,,,,,,,,,,,,,,,,,,,,,,,,,,,,,
,,,,,,,,,,,,,,,,,,,,,,,,,,,,,
,,,,,,,,,,,,,,,,,,,,,,,,,,,,,
,,,,,,,,,,,,,,,,,,,,,,,,,,,,,
,,,,,,,,,,,,,,,,,,,,,,,,,,,,,
,,,,,,,,,,,,,,,,,,,,,,,,,,,,,
,,,,,,,,,,,,,,,,,,,,,,,,,,,,,
,,,,,,,,,,,,,,,,,,,,,,,,,,,,,
,,,,,,,,,,,,,,,,,,,,,,,,,,,,,
,,,,,,,,,,,,,,,,,,,,,,,,,,,,,
,,,,,,,,,,,,,,,,,,,,,,,,,,,,,
,,,,,,,,,,,,,,,,,,,,,,,,,,,,,
,,,,,,,,,,,,,,,,,,,,,,,,,,,,,
,,,,,,,,,,,,,,,,,,,,,,,,,,,,,
,,,,,,,,,,,,,,,,,,,,,,,,,,,,,
,,,,,,,,,,,,,,,,,,,,,,,,,,,,,
,,,,,,,,,,,,,,,,,,,,,,,,,,,,,
,,,,,,,,,,,,,,,,,,,,,,,,,,,,,
,,,,,,,,,,,,,,,,,,,,,,,,,,,,,
,,,,,,,,,,,,,,,,,,,,,,,,,,,,,
,,,,,,,,,,,,,,,,,,,,,,,,,,,,,
,,,,,,,,,,,,,,,,,,,,,,,,,,,,,
,,,,,,,,,,,,,,,,,,,,,,,,,,,,,
,,,,,,,,,,,,,,,,,,,,,,,,,,,,,
,,,,,,,,,,,,,,,,,,,,,,,,,,,,,
,,,,,,,,,,,,,,,,,,,,,,,,,,,,,
,,,,,,,,,,,,,,,,,,,,,,,,,,,,,
,,,,,,,,,,,,,,,,,,,,,,,,,,,,,
,,,,,,,,,,,,,,,,,,,,,,,,,,,,,
,,,,,,,,,,,,,,,,,,,,,,,,,,,,,
,,,,,,,,,,,,,,,,,,,,,,,,,,,,,
,,,,,,,,,,,,,,,,,,,,,,,,,,,,,
,,,,,,,,,,,,,,,,,,,,,,,,,,,,,
,,,,,,,,,,,,,,,,,,,,,,,,,,,,,
,,,,,,,,,,,,,,,,,,,,,,,,,,,,,
,,,,,,,,,,,,,,,,,,,,,,,,,,,,,
,,,,,,,,,,,,,,,,,,,,,,,,,,,,,
,,,,,,,,,,,,,,,,,,,,,,,,,,,,,
,,,,,,,,,,,,,,,,,,,,,,,,,,,,,
,,,,,,,,,,,,,,,,,,,,,,,,,,,,,
,,,,,,,,,,,,,,,,,,,,,,,,,,,,,
,,,,,,,,,,,,,,,,,,,,,,,,,,,,,
,,,,,,,,,,,,,,,,,,,,,,,,,,,,,
,,,,,,,,,,,,,,,,,,,,,,,,,,,,,
,,,,,,,,,,,,,,,,,,,,,,,,,,,,,
,,,,,,,,,,,,,,,,,,,,,,,,,,,,,
,,,,,,,,,,,,,,,,,,,,,,,,,,,,,
,,,,,,,,,,,,,,,,,,,,,,,,,,,,,
,,,,,,,,,,,,,,,,,,,,,,,,,,,,,
,,,,,,,,,,,,,,,,,,,,,,,,,,,,,
,,,,,,,,,,,,,,,,,,,,,,,,,,,,,
,,,,,,,,,,,,,,,,,,,,,,,,,,,,,
,,,,,,,,,,,,,,,,,,,,,,,,,,,,,
,,,,,,,,,,,,,,,,,,,,,,,,,,,,,
,,,,,,,,,,,,,,,,,,,,,,,,,,,,,
,,,,,,,,,,,,,,,,,,,,,,,,,,,,,
,,,,,,,,,,,,,,,,,,,,,,,,,,,,,
,,,,,,,,,,,,,,,,,,,,,,,,,,,,,
,,,,,,,,,,,,,,,,,,,,,,,,,,,,,
,,,,,,,,,,,,,,,,,,,,,,,,,,,,,
,,,,,,,,,,,,,,,,,,,,,,,,,,,,,
,,,,,,,,,,,,,,,,,,,,,,,,,,,,,
,,,,,,,,,,,,,,,,,,,,,,,,,,,,,
,,,,,,,,,,,,,,,,,,,,,,,,,,,,,
,,,,,,,,,,,,,,,,,,,,,,,,,,,,,
,,,,,,,,,,,,,,,,,,,,,,,,,,,,,
,,,,,,,,,,,,,,,,,,,,,,,,,,,,,
,,,,,,,,,,,,,,,,,,,,,,,,,,,,,
,,,,,,,,,,,,,,,,,,,,,,,,,,,,,
,,,,,,,,,,,,,,,,,,,,,,,,,,,,,
,,,,,,,,,,,,,,,,,,,,,,,,,,,,,
,,,,,,,,,,,,,,,,,,,,,,,,,,,,,
,,,,,,,,,,,,,,,,,,,,,,,,,,,,,
,,,,,,,,,,,,,,,,,,,,,,,,,,,,,
,,,,,,,,,,,,,,,,,,,,,,,,,,,,,
,,,,,,,,,,,,,,,,,,,,,,,,,,,,,
,,,,,,,,,,,,,,,,,,,,,,,,,,,,,
,,,,,,,,,,,,,,,,,,,,,,,,,,,,,
,,,,,,,,,,,,,,,,,,,,,,,,,,,,,
,,,,,,,,,,,,,,,,,,,,,,,,,,,,,
,,,,,,,,,,,,,,,,,,,,,,,,,,,,,
,,,,,,,,,,,,,,,,,,,,,,,,,,,,,
,,,,,,,,,,,,,,,,,,,,,,,,,,,,,
,,,,,,,,,,,,,,,,,,,,,,,,,,,,,
,,,,,,,,,,,,,,,,,,,,,,,,,,,,,
,,,,,,,,,,,,,,,,,,,,,,,,,,,,,
,,,,,,,,,,,,,,,,,,,,,,,,,,,,,
,,,,,,,,,,,,,,,,,,,,,,,,,,,,,
,,,,,,,,,,,,,,,,,,,,,,,,,,,,,
,,,,,,,,,,,,,,,,,,,,,,,,,,,,,
,,,,,,,,,,,,,,,,,,,,,,,,,,,,,
,,,,,,,,,,,,,,,,,,,,,,,,,,,,,
,,,,,,,,,,,,,,,,,,,,,,,,,,,,,
,,,,,,,,,,,,,,,,,,,,,,,,,,,,,
,,,,,,,,,,,,,,,,,,,,,,,,,,,,,
,,,,,,,,,,,,,,,,,,,,,,,,,,,,,
,,,,,,,,,,,,,,,,,,,,,,,,,,,,,
,,,,,,,,,,,,,,,,,,,,,,,,,,,,,
,,,,,,,,,,,,,,,,,,,,,,,,,,,,,
,,,,,,,,,,,,,,,,,,,,,,,,,,,,,
,,,,,,,,,,,,,,,,,,,,,,,,,,,,,
,,,,,,,,,,,,,,,,,,,,,,,,,,,,,
,,,,,,,,,,,,,,,,,,,,,,,,,,,,,
,,,,,,,,,,,,,,,,,,,,,,,,,,,,,
,,,,,,,,,,,,,,,,,,,,,,,,,,,,,
,,,,,,,,,,,,,,,,,,,,,,,,,,,,,
,,,,,,,,,,,,,,,,,,,,,,,,,,,,,
,,,,,,,,,,,,,,,,,,,,,,,,,,,,,
,,,,,,,,,,,,,,,,,,,,,,,,,,,,,
,,,,,,,,,,,,,,,,,,,,,,,,,,,,,
,,,,,,,,,,,,,,,,,,,,,,,,,,,,,
,,,,,,,,,,,,,,,,,,,,,,,,,,,,,
,,,,,,,,,,,,,,,,,,,,,,,,,,,,,
,,,,,,,,,,,,,,,,,,,,,,,,,,,,,
,,,,,,,,,,,,,,,,,,,,,,,,,,,,,
,,,,,,,,,,,,,,,,,,,,,,,,,,,,,
,,,,,,,,,,,,,,,,,,,,,,,,,,,,,
,,,,,,,,,,,,,,,,,,,,,,,,,,,,,
,,,,,,,,,,,,,,,,,,,,,,,,,,,,,
,,,,,,,,,,,,,,,,,,,,,,,,,,,,,
,,,,,,,,,,,,,,,,,,,,,,,,,,,,,
,,,,,,,,,,,,,,,,,,,,,,,,,,,,,
,,,,,,,,,,,,,,,,,,,,,,,,,,,,,
,,,,,,,,,,,,,,,,,,,,,,,,,,,,,
,,,,,,,,,,,,,,,,,,,,,,,,,,,,,
,,,,,,,,,,,,,,,,,,,,,,,,,,,,,
,,,,,,,,,,,,,,,,,,,,,,,,,,,,,
,,,,,,,,,,,,,,,,,,,,,,,,,,,,,
,,,,,,,,,,,,,,,,,,,,,,,,,,,,,
,,,,,,,,,,,,,,,,,,,,,,,,,,,,,
,,,,,,,,,,,,,,,,,,,,,,,,,,,,,
,,,,,,,,,,,,,,,,,,,,,,,,,,,,,
,,,,,,,,,,,,,,,,,,,,,,,,,,,,,
,,,,,,,,,,,,,,,,,,,,,,,,,,,,,
,,,,,,,,,,,,,,,,,,,,,,,,,,,,,
,,,,,,,,,,,,,,,,,,,,,,,,,,,,,
,,,,,,,,,,,,,,,,,,,,,,,,,,,,,
,,,,,,,,,,,,,,,,,,,,,,,,,,,,,
,,,,,,,,,,,,,,,,,,,,,,,,,,,,,
,,,,,,,,,,,,,,,,,,,,,,,,,,,,,
,,,,,,,,,,,,,,,,,,,,,,,,,,,,,
,,,,,,,,,,,,,,,,,,,,,,,,,,,,,
,,,,,,,,,,,,,,,,,,,,,,,,,,,,,
,,,,,,,,,,,,,,,,,,,,,,,,,,,,,
,,,,,,,,,,,,,,,,,,,,,,,,,,,,,
,,,,,,,,,,,,,,,,,,,,,,,,,,,,,
,,,,,,,,,,,,,,,,,,,,,,,,,,,,,
,,,,,,,,,,,,,,,,,,,,,,,,,,,,,
,,,,,,,,,,,,,,,,,,,,,,,,,,,,,
,,,,,,,,,,,,,,,,,,,,,,,,,,,,,
,,,,,,,,,,,,,,,,,,,,,,,,,,,,,
,,,,,,,,,,,,,,,,,,,,,,,,,,,,,
,,,,,,,,,,,,,,,,,,,,,,,,,,,,,
,,,,,,,,,,,,,,,,,,,,,,,,,,,,,
,,,,,,,,,,,,,,,,,,,,,,,,,,,,,
,,,,,,,,,,,,,,,,,,,,,,,,,,,,,
,,,,,,,,,,,,,,,,,,,,,,,,,,,,,
,,,,,,,,,,,,,,,,,,,,,,,,,,,,,
,,,,,,,,,,,,,,,,,,,,,,,,,,,,,
,,,,,,,,,,,,,,,,,,,,,,,,,,,,,
,,,,,,,,,,,,,,,,,,,,,,,,,,,,,
,,,,,,,,,,,,,,,,,,,,,,,,,,,,,
,,,,,,,,,,,,,,,,,,,,,,,,,,,,,
,,,,,,,,,,,,,,,,,,,,,,,,,,,,,
,,,,,,,,,,,,,,,,,,,,,,,,,,,,,
,,,,,,,,,,,,,,,,,,,,,,,,,,,,,
,,,,,,,,,,,,,,,,,,,,,,,,,,,,,
,,,,,,,,,,,,,,,,,,,,,,,,,,,,,
,,,,,,,,,,,,,,,,,,,,,,,,,,,,,
,,,,,,,,,,,,,,,,,,,,,,,,,,,,,
,,,,,,,,,,,,,,,,,,,,,,,,,,,,,
,,,,,,,,,,,,,,,,,,,,,,,,,,,,,
,,,,,,,,,,,,,,,,,,,,,,,,,,,,,
,,,,,,,,,,,,,,,,,,,,,,,,,,,,,
,,,,,,,,,,,,,,,,,,,,,,,,,,,,,
,,,,,,,,,,,,,,,,,,,,,,,,,,,,,
,,,,,,,,,,,,,,,,,,,,,,,,,,,,,
,,,,,,,,,,,,,,,,,,,,,,,,,,,,,
,,,,,,,,,,,,,,,,,,,,,,,,,,,,,
,,,,,,,,,,,,,,,,,,,,,,,,,,,,,
,,,,,,,,,,,,,,,,,,,,,,,,,,,,,
,,,,,,,,,,,,,,,,,,,,,,,,,,,,,
,,,,,,,,,,,,,,,,,,,,,,,,,,,,,
,,,,,,,,,,,,,,,,,,,,,,,,,,,,,
,,,,,,,,,,,,,,,,,,,,,,,,,,,,,
,,,,,,,,,,,,,,,,,,,,,,,,,,,,,
,,,,,,,,,,,,,,,,,,,,,,,,,,,,,
,,,,,,,,,,,,,,,,,,,,,,,,,,,,,
,,,,,,,,,,,,,,,,,,,,,,,,,,,,,
,,,,,,,,,,,,,,,,,,,,,,,,,,,,,
,,,,,,,,,,,,,,,,,,,,,,,,,,,,,
,,,,,,,,,,,,,,,,,,,,,,,,,,,,,
,,,,,,,,,,,,,,,,,,,,,,,,,,,,,
,,,,,,,,,,,,,,,,,,,,,,,,,,,,,
,,,,,,,,,,,,,,,,,,,,,,,,,,,,,
,,,,,,,,,,,,,,,,,,,,,,,,,,,,,
,,,,,,,,,,,,,,,,,,,,,,,,,,,,,
,,,,,,,,,,,,,,,,,,,,,,,,,,,,,
,,,,,,,,,,,,,,,,,,,,,,,,,,,,,
,,,,,,,,,,,,,,,,,,,,,,,,,,,,,
,,,,,,,,,,,,,,,,,,,,,,,,,,,,,
,,,,,,,,,,,,,,,,,,,,,,,,,,,,,
,,,,,,,,,,,,,,,,,,,,,,,,,,,,,
,,,,,,,,,,,,,,,,,,,,,,,,,,,,,
,,,,,,,,,,,,,,,,,,,,,,,,,,,,,
,,,,,,,,,,,,,,,,,,,,,,,,,,,,,
,,,,,,,,,,,,,,,,,,,,,,,,,,,,,
,,,,,,,,,,,,,,,,,,,,,,,,,,,,,
,,,,,,,,,,,,,,,,,,,,,,,,,,,,,
,,,,,,,,,,,,,,,,,,,,,,,,,,,,,
,,,,,,,,,,,,,,,,,,,,,,,,,,,,,
,,,,,,,,,,,,,,,,,,,,,,,,,,,,,
,,,,,,,,,,,,,,,,,,,,,,,,,,,,,
,,,,,,,,,,,,,,,,,,,,,,,,,,,,,
,,,,,,,,,,,,,,,,,,,,,,,,,,,,,
,,,,,,,,,,,,,,,,,,,,,,,,,,,,,
,,,,,,,,,,,,,,,,,,,,,,,,,,,,,
,,,,,,,,,,,,,,,,,,,,,,,,,,,,,
,,,,,,,,,,,,,,,,,,,,,,,,,,,,,
,,,,,,,,,,,,,,,,,,,,,,,,,,,,,
,,,,,,,,,,,,,,,,,,,,,,,,,,,,,
,,,,,,,,,,,,,,,,,,,,,,,,,,,,,
,,,,,,,,,,,,,,,,,,,,,,,,,,,,,
,,,,,,,,,,,,,,,,,,,,,,,,,,,,,
,,,,,,,,,,,,,,,,,,,,,,,,,,,,,
,,,,,,,,,,,,,,,,,,,,,,,,,,,,,
,,,,,,,,,,,,,,,,,,,,,,,,,,,,,
,,,,,,,,,,,,,,,,,,,,,,,,,,,,,
,,,,,,,,,,,,,,,,,,,,,,,,,,,,,
,,,,,,,,,,,,,,,,,,,,,,,,,,,,,
,,,,,,,,,,,,,,,,,,,,,,,,,,,,,
,,,,,,,,,,,,,,,,,,,,,,,,,,,,,
,,,,,,,,,,,,,,,,,,,,,,,,,,,,,
,,,,,,,,,,,,,,,,,,,,,,,,,,,,,
,,,,,,,,,,,,,,,,,,,,,,,,,,,,,
,,,,,,,,,,,,,,,,,,,,,,,,,,,,,
,,,,,,,,,,,,,,,,,,,,,,,,,,,,,
,,,,,,,,,,,,,,,,,,,,,,,,,,,,,
,,,,,,,,,,,,,,,,,,,,,,,,,,,,,
,,,,,,,,,,,,,,,,,,,,,,,,,,,,,
,,,,,,,,,,,,,,,,,,,,,,,,,,,,,
,,,,,,,,,,,,,,,,,,,,,,,,,,,,,
,,,,,,,,,,,,,,,,,,,,,,,,,,,,,
,,,,,,,,,,,,,,,,,,,,,,,,,,,,,
,,,,,,,,,,,,,,,,,,,,,,,,,,,,,
,,,,,,,,,,,,,,,,,,,,,,,,,,,,,
,,,,,,,,,,,,,,,,,,,,,,,,,,,,,
,,,,,,,,,,,,,,,,,,,,,,,,,,,,,
,,,,,,,,,,,,,,,,,,,,,,,,,,,,,
,,,,,,,,,,,,,,,,,,,,,,,,,,,,,
,,,,,,,,,,,,,,,,,,,,,,,,,,,,,
,,,,,,,,,,,,,,,,,,,,,,,,,,,,,
,,,,,,,,,,,,,,,,,,,,,,,,,,,,,
,,,,,,,,,,,,,,,,,,,,,,,,,,,,,
,,,,,,,,,,,,,,,,,,,,,,,,,,,,,
,,,,,,,,,,,,,,,,,,,,,,,,,,,,,
,,,,,,,,,,,,,,,,,,,,,,,,,,,,,
,,,,,,,,,,,,,,,,,,,,,,,,,,,,,
,,,,,,,,,,,,,,,,,,,,,,,,,,,,,
,,,,,,,,,,,,,,,,,,,,,,,,,,,,,
,,,,,,,,,,,,,,,,,,,,,,,,,,,,,
,,,,,,,,,,,,,,,,,,,,,,,,,,,,,
,,,,,,,,,,,,,,,,,,,,,,,,,,,,,
,,,,,,,,,,,,,,,,,,,,,,,,,,,,,
,,,,,,,,,,,,,,,,,,,,,,,,,,,,,
,,,,,,,,,,,,,,,,,,,,,,,,,,,,,
,,,,,,,,,,,,,,,,,,,,,,,,,,,,,
,,,,,,,,,,,,,,,,,,,,,,,,,,,,,
,,,,,,,,,,,,,,,,,,,,,,,,,,,,,
,,,,,,,,,,,,,,,,,,,,,,,,,,,,,
,,,,,,,,,,,,,,,,,,,,,,,,,,,,,
,,,,,,,,,,,,,,,,,,,,,,,,,,,,,
,,,,,,,,,,,,,,,,,,,,,,,,,,,,,
,,,,,,,,,,,,,,,,,,,,,,,,,,,,,
,,,,,,,,,,,,,,,,,,,,,,,,,,,,,
,,,,,,,,,,,,,,,,,,,,,,,,,,,,,
,,,,,,,,,,,,,,,,,,,,,,,,,,,,,
,,,,,,,,,,,,,,,,,,,,,,,,,,,,,
,,,,,,,,,,,,,,,,,,,,,,,,,,,,,
,,,,,,,,,,,,,,,,,,,,,,,,,,,,,
,,,,,,,,,,,,,,,,,,,,,,,,,,,,,
,,,,,,,,,,,,,,,,,,,,,,,,,,,,,
,,,,,,,,,,,,,,,,,,,,,,,,,,,,,
,,,,,,,,,,,,,,,,,,,,,,,,,,,,,
,,,,,,,,,,,,,,,,,,,,,,,,,,,,,
,,,,,,,,,,,,,,,,,,,,,,,,,,,,,
,,,,,,,,,,,,,,,,,,,,,,,,,,,,,
,,,,,,,,,,,,,,,,,,,,,,,,,,,,,
,,,,,,,,,,,,,,,,,,,,,,,,,,,,,
,,,,,,,,,,,,,,,,,,,,,,,,,,,,,
,,,,,,,,,,,,,,,,,,,,,,,,,,,,,
,,,,,,,,,,,,,,,,,,,,,,,,,,,,,
,,,,,,,,,,,,,,,,,,,,,,,,,,,,,
,,,,,,,,,,,,,,,,,,,,,,,,,,,,,
,,,,,,,,,,,,,,,,,,,,,,,,,,,,,
,,,,,,,,,,,,,,,,,,,,,,,,,,,,,
,,,,,,,,,,,,,,,,,,,,,,,,,,,,,
,,,,,,,,,,,,,,,,,,,,,,,,,,,,,
,,,,,,,,,,,,,,,,,,,,,,,,,,,,,
,,,,,,,,,,,,,,,,,,,,,,,,,,,,,
,,,,,,,,,,,,,,,,,,,,,,,,,,,,,
,,,,,,,,,,,,,,,,,,,,,,,,,,,,,
,,,,,,,,,,,,,,,,,,,,,,,,,,,,,
,,,,,,,,,,,,,,,,,,,,,,,,,,,,,
,,,,,,,,,,,,,,,,,,,,,,,,,,,,,
,,,,,,,,,,,,,,,,,,,,,,,,,,,,,
,,,,,,,,,,,,,,,,,,,,,,,,,,,,,
,,,,,,,,,,,,,,,,,,,,,,,,,,,,,
,,,,,,,,,,,,,,,,,,,,,,,,,,,,,
,,,,,,,,,,,,,,,,,,,,,,,,,,,,,
,,,,,,,,,,,,,,,,,,,,,,,,,,,,,
,,,,,,,,,,,,,,,,,,,,,,,,,,,,,
,,,,,,,,,,,,,,,,,,,,,,,,,,,,,
,,,,,,,,,,,,,,,,,,,,,,,,,,,,,
,,,,,,,,,,,,,,,,,,,,,,,,,,,,,
,,,,,,,,,,,,,,,,,,,,,,,,,,,,,
,,,,,,,,,,,,,,,,,,,,,,,,,,,,,
,,,,,,,,,,,,,,,,,,,,,,,,,,,,,
,,,,,,,,,,,,,,,,,,,,,,,,,,,,,
,,,,,,,,,,,,,,,,,,,,,,,,,,,,,
,,,,,,,,,,,,,,,,,,,,,,,,,,,,,
,,,,,,,,,,,,,,,,,,,,,,,,,,,,,
,,,,,,,,,,,,,,,,,,,,,,,,,,,,,
,,,,,,,,,,,,,,,,,,,,,,,,,,,,,
,,,,,,,,,,,,,,,,,,,,,,,,,,,,,
,,,,,,,,,,,,,,,,,,,,,,,,,,,,,
,,,,,,,,,,,,,,,,,,,,,,,,,,,,,
,,,,,,,,,,,,,,,,,,,,,,,,,,,,,
,,,,,,,,,,,,,,,,,,,,,,,,,,,,,
,,,,,,,,,,,,,,,,,,,,,,,,,,,,,
,,,,,,,,,,,,,,,,,,,,,,,,,,,,,
,,,,,,,,,,,,,,,,,,,,,,,,,,,,,
,,,,,,,,,,,,,,,,,,,,,,,,,,,,,
,,,,,,,,,,,,,,,,,,,,,,,,,,,,,
,,,,,,,,,,,,,,,,,,,,,,,,,,,,,
,,,,,,,,,,,,,,,,,,,,,,,,,,,,,
,,,,,,,,,,,,,,,,,,,,,,,,,,,,,
,,,,,,,,,,,,,,,,,,,,,,,,,,,,,
,,,,,,,,,,,,,,,,,,,,,,,,,,,,,
,,,,,,,,,,,,,,,,,,,,,,,,,,,,,
,,,,,,,,,,,,,,,,,,,,,,,,,,,,,
,,,,,,,,,,,,,,,,,,,,,,,,,,,,,
,,,,,,,,,,,,,,,,,,,,,,,,,,,,,
,,,,,,,,,,,,,,,,,,,,,,,,,,,,,
,,,,,,,,,,,,,,,,,,,,,,,,,,,,,
,,,,,,,,,,,,,,,,,,,,,,,,,,,,,
,,,,,,,,,,,,,,,,,,,,,,,,,,,,,
,,,,,,,,,,,,,,,,,,,,,,,,,,,,,
,,,,,,,,,,,,,,,,,,,,,,,,,,,,,
,,,,,,,,,,,,,,,,,,,,,,,,,,,,,
,,,,,,,,,,,,,,,,,,,,,,,,,,,,,
,,,,,,,,,,,,,,,,,,,,,,,,,,,,,
,,,,,,,,,,,,,,,,,,,,,,,,,,,,,
,,,,,,,,,,,,,,,,,,,,,,,,,,,,,